-- MySQL dump 10.13  Distrib 5.1.41, for debian-linux-gnu (x86_64)
--
-- Host: 192.168.80.89    Database: builddb
-- ------------------------------------------------------
-- Server version	5.1.41-3ubuntu12.10

/*!40101 SET @OLD_CHARACTER_SET_CLIENT=@@CHARACTER_SET_CLIENT */;
/*!40101 SET @OLD_CHARACTER_SET_RESULTS=@@CHARACTER_SET_RESULTS */;
/*!40101 SET @OLD_COLLATION_CONNECTION=@@COLLATION_CONNECTION */;
/*!40101 SET NAMES utf8 */;
/*!40103 SET @OLD_TIME_ZONE=@@TIME_ZONE */;
/*!40103 SET TIME_ZONE='+00:00' */;
/*!40014 SET @OLD_UNIQUE_CHECKS=@@UNIQUE_CHECKS, UNIQUE_CHECKS=0 */;
/*!40014 SET @OLD_FOREIGN_KEY_CHECKS=@@FOREIGN_KEY_CHECKS, FOREIGN_KEY_CHECKS=0 */;
/*!40101 SET @OLD_SQL_MODE=@@SQL_MODE, SQL_MODE='NO_AUTO_VALUE_ON_ZERO' */;
/*!40111 SET @OLD_SQL_NOTES=@@SQL_NOTES, SQL_NOTES=0 */;

--
-- Table structure for table `config`
--

DROP TABLE IF EXISTS `config`;
/*!40101 SET @saved_cs_client     = @@character_set_client */;
/*!40101 SET character_set_client = utf8 */;
CREATE TABLE `config` (
  `id` int(10) unsigned NOT NULL AUTO_INCREMENT,
  `fname` varchar(64) NOT NULL,
  `fvalue` varchar(256) NOT NULL,
  `state` int(10) unsigned NOT NULL DEFAULT '0',
  PRIMARY KEY (`id`)
) ENGINE=InnoDB AUTO_INCREMENT=2 DEFAULT CHARSET=utf8;
/*!40101 SET character_set_client = @saved_cs_client */;

--
-- Dumping data for table `config`
--

LOCK TABLES `config` WRITE;
/*!40000 ALTER TABLE `config` DISABLE KEYS */;
INSERT INTO `config` VALUES (1,'admin','roger.liu,elwin.gao,ashley.yang,fanny.fan,lucky.fan',1);
/*!40000 ALTER TABLE `config` ENABLE KEYS */;
UNLOCK TABLES;

--
-- Table structure for table `groups`
--

DROP TABLE IF EXISTS `groups`;
/*!40101 SET @saved_cs_client     = @@character_set_client */;
/*!40101 SET character_set_client = utf8 */;
CREATE TABLE `groups` (
  `id` int(10) unsigned NOT NULL AUTO_INCREMENT,
  `name` varchar(45) NOT NULL,
  `serverid` int(10) unsigned NOT NULL,
  `state` varchar(45) NOT NULL,
  PRIMARY KEY (`id`,`name`) USING BTREE
) ENGINE=InnoDB AUTO_INCREMENT=24 DEFAULT CHARSET=utf8;
/*!40101 SET character_set_client = @saved_cs_client */;

--
-- Dumping data for table `groups`
--

LOCK TABLES `groups` WRITE;
/*!40000 ALTER TABLE `groups` DISABLE KEYS */;
INSERT INTO `groups` VALUES (1,'C8681',3,'1'),(2,'PCD',3,'1'),(3,'C9660',2,'1'),(4,'A8686',2,'1'),(5,'C8680_Haier',3,'1'),(6,'C8680_Cellon',3,'1'),(7,'C8680_QM',3,'1'),(8,'C8680_VN',3,'1'),(9,'C8690',2,'1'),(10,'C8669',3,'1'),(11,'A8666',3,'1'),(12,'C8680_GP',3,'1'),(13,'C8680_JB',3,'1'),(14,'C8690_Haier',2,'1'),(15,'C8690_BLU',2,'1'),(16,'C8690_Newman',2,'1'),(17,'C8690_VB',2,'1'),(18,'C8690_I20',2,'1'),(19,'C8680_houston',3,'1'),(20,'C8680_KB',3,'1'),(21,'C8680_EKT',3,'1'),(22,'C8680_Acard',3,'1'),(23,'C8681_singal',3,'1');
/*!40000 ALTER TABLE `groups` ENABLE KEYS */;
UNLOCK TABLES;

--
-- Table structure for table `options`
--

DROP TABLE IF EXISTS `options`;
/*!40101 SET @saved_cs_client     = @@character_set_client */;
/*!40101 SET character_set_client = utf8 */;
CREATE TABLE `options` (
  `id` int(10) unsigned NOT NULL AUTO_INCREMENT,
  `name` varchar(128) NOT NULL,
  `ftype` varchar(128) NOT NULL,
  `state` int(10) unsigned NOT NULL DEFAULT '0',
  `remark` varchar(256) DEFAULT '',
  PRIMARY KEY (`id`)
) ENGINE=InnoDB AUTO_INCREMENT=43 DEFAULT CHARSET=utf8;
/*!40101 SET character_set_client = @saved_cs_client */;

--
-- Dumping data for table `options`
--

LOCK TABLES `options` WRITE;
/*!40000 ALTER TABLE `options` DISABLE KEYS */;
INSERT INTO `options` VALUES (1,'device','select',1,''),(2,'type','select',1,''),(3,'product','select',1,''),(4,'variant','select',1,''),(5,'region','select',1,''),(6,'logo','select',1,''),(7,'ANDROID_DISPLAY_VERSION','text',1,''),(8,'classjar','keylist',1,''),(9,'metasjar','keylist',1,''),(10,'language','select',1,''),(11,'module','text',1,''),(12,'plugin','select',1,''),(13,'catalog','text',1,''),(14,'amss_product','select',1,''),(15,'key','keylist',0,''),(17,'product','select',1,''),(19,'sw_version','text',1,''),(20,'client','select',1,''),(21,'product','select',1,''),(22,'droid','select',1,''),(23,'product','select',1,''),(24,'product','select',1,''),(25,'flex','select',1,''),(26,'product','select',1,''),(27,'product','select',1,''),(28,'BUILD_NUMBER','text',1,''),(29,'PRODUCT_BRAND','text',1,''),(30,'folder','text',1,''),(31,'variant','select',1,''),(32,'sw_version','text',1,''),(33,'sw_version','text',1,''),(34,'sw_version','text',1,''),(35,'sw_version','text',1,''),(36,'sw_version','text',1,''),(37,'product','select',1,'8680 jb-master'),(38,'product','select',1,'8680  jb-8680KB'),(39,'product','select',1,'8680  ICS_ACard QM VN'),(40,'product','select',1,'8680 origin/QM'),(41,'product','select',1,'8680 master'),(42,'type','select',1,'');
/*!40000 ALTER TABLE `options` ENABLE KEYS */;
UNLOCK TABLES;

--
-- Table structure for table `optionvalues`
--

DROP TABLE IF EXISTS `optionvalues`;
/*!40101 SET @saved_cs_client     = @@character_set_client */;
/*!40101 SET character_set_client = utf8 */;
CREATE TABLE `optionvalues` (
  `id` int(10) unsigned NOT NULL AUTO_INCREMENT,
  `optionid` int(10) unsigned NOT NULL,
  `fname` varchar(256) NOT NULL,
  `fvalue` varchar(256) NOT NULL,
  `state` int(10) unsigned NOT NULL DEFAULT '1',
  PRIMARY KEY (`id`)
) ENGINE=InnoDB AUTO_INCREMENT=256 DEFAULT CHARSET=utf8;
/*!40101 SET character_set_client = @saved_cs_client */;

--
-- Dumping data for table `optionvalues`
--

LOCK TABLES `optionvalues` WRITE;
/*!40000 ALTER TABLE `optionvalues` DISABLE KEYS */;
INSERT INTO `optionvalues` VALUES (1,1,'Device','1',1),(2,1,'Simulator','2',1),(3,2,'release','1',1),(4,2,'debug','2',1),(5,3,'C8660','1',1),(6,3,'core','2',1),(7,3,'full_crespo','3',1),(8,3,'full','4',1),(9,3,'full_passion','5',1),(10,3,'generic','6',1),(11,3,'generic_x86','7',1),(12,3,'msm7627a','8',1),(13,3,'sample_addon','9',1),(14,3,'sdk','10',1),(15,3,'sim','11',1),(16,4,'user','1',1),(17,4,'userdebug','2',1),(18,4,'eng','3',1),(19,5,'2degrees_NZ','1',1),(20,5,'Airtel_African','2',1),(21,5,'CCE_Brazil','3',1),(22,5,'Galander_Argentina','4',1),(23,5,'Latam','5',1),(24,5,'Latam_claro','6',1),(25,5,'Latam_Claro_PA','7',1),(26,5,'Latam_Claro_Peru','8',1),(27,5,'Latam_Comcel','9',1),(28,5,'Latam_Digicel_Pacific','10',1),(29,5,'Latam_Telcel','11',1),(30,5,'PRC','12',1),(31,5,'WE','13',1),(32,5,'WifiEnd','14',1),(33,5,'YU','15',1),(34,6,'Latam.png','0',1),(35,6,'2degrees_NZ.png','1',1),(36,6,'Latam_Digicel_Pacific.png','2',1),(37,6,'Latam_Claro_Peru.png','3',1),(38,6,'Digitel.png','4',1),(39,6,'Latam_Comcel.png','5',1),(40,6,'CCE_Brazil.png','6',1),(41,6,'Open_Market.png','7',1),(42,6,'motorola.png','8',1),(43,6,'PRC.png','9',1),(44,6,'YU.png','10',1),(45,6,'PCD.png','11',1),(46,6,'Persona_Argentina.png','12',1),(47,6,'Airtel_African.png','13',1),(48,6,'Digicel.png','14',1),(49,6,'Latam_Telcel.png','15',1),(50,6,'WifiEnd.png','16',1),(51,6,'Latam_claro.png','17',1),(52,6,'Galander_Argentina.png','18',1),(53,6,'Latam_Claro_PA.png','19',1),(54,7,'ANDROID_DISPLAY_VERSION','C8660CA_Claro_CA_3.0 ',1),(58,17,'A8660','1',1),(59,17,'C8680','4',1),(60,17,'copper','6',1),(61,17,'core','7',1),(62,17,'full','9',1),(63,17,'full_maguro','8',1),(64,17,'full_panda','10',1),(65,17,'full_tuna','11',1),(66,17,'full_x86','12',1),(67,17,' msm8960','24',1),(68,17,' generic','14',1),(69,17,'generic_x86','15',1),(70,17,'HWW820','16',1),(71,17,'large_emu_hw','17',1),(72,17,'msm7627_6x','18',1),(73,17,'msm7627a','19',1),(74,17,'msm7627_surf','20',1),(75,17,'msm7630_fusion','21',1),(76,17,'msm7630_surf','22',1),(77,17,'msm8660_surf','23',1),(78,17,' generic_armv5','13',1),(79,17,'sample_addon','26',1),(80,17,'sdk','27',1),(81,17,'sdk_x86','28',1),(82,17,'sesamejam','29',1),(83,17,'TinBoost','30',1),(84,17,'U8828D','31',1),(85,17,'vbox_x86','32',1),(89,19,'xx.xx','xx.xx',1),(90,20,'Hair','1',1),(91,20,'Newman','2',1),(92,20,'TRUE','3',1),(93,21,'uboot','1',1),(94,21,'kernel','2',1),(95,21,'droid','3',1),(96,21,'all','5',1),(97,22,'droid','1',1),(98,22,'CTA droid','2',1),(99,23,'boot_images','1',1),(100,23,'modem_proc','2',1),(101,23,'rpm_proc','3',1),(102,23,'dsps_proc','4',1),(103,23,'trustzone_images','5',1),(104,23,'droid','6',1),(105,23,'clean droid','7',1),(106,23,'kernel','8',1),(107,23,'NON-HLOS firmware','9',1),(108,23,'8630_msimage','10',1),(109,23,'all image for formal release','11',1),(110,23,'all image for factory release','12',1),(120,24,'boot_images','1',1),(121,24,'modem_proc','2',1),(122,24,'rpm_proc','3',1),(123,24,'dsps_proc','4',1),(124,24,'trustzone_images','5',1),(125,24,'droid','6',1),(126,24,'clean droid','7',1),(127,24,'kernel','8',1),(128,24,'NON-HLOS firmware','9',1),(129,24,'8960_msimage','10',1),(130,24,'all image for engineer debug','11',1),(131,24,'all image for formal release','12',1),(132,24,'all image for 4GB EMMC factory release','13',1),(133,24,'all image for 32GB EMMC factory release','14',1),(134,24,'4Gb+4Gb LPDDR2 prebuild (EVB)','15',1),(135,24,'8Gb+8Gb LPDDR2 prebuild (SMT)','16',1),(136,25,'Haier','Haier',1),(137,25,'Cellon','Cellon',1),(138,25,'QM','QM',1),(139,25,'VN','VN',1),(140,17,'Q-Smart','25',1),(141,20,'VB','4',1),(142,20,'BLU','5',1),(143,21,'recovery','4',1),(144,17,'C8680GP','3',1),(145,26,'c8666','1',1),(146,26,'c8669','2',1),(147,26,'c8680','3',1),(148,26,'c8681','4',1),(149,26,'core','5',1),(150,26,'full_crespo4g','6',1),(151,26,'full_crespo','7',1),(152,26,'full_grouper','8',1),(153,26,'full_maguro','9',1),(154,26,'full','10',1),(155,26,'full_panda','11',1),(156,26,'full_stingray','12',1),(157,26,'full_toro','13',1),(158,26,'full_torospr','14',1),(159,26,'full_tuna','15',1),(160,26,'full_wingray','16',1),(161,26,'full_x86','17',1),(162,26,'G350-U151','18',1),(163,26,'generic','19',1),(164,26,'generic_stingray','20',1),(165,26,'generic_x86','21',1),(166,26,'large_emu_hw','22',1),(167,26,'mini_armv7a','23',1),(168,26,'mini_armv7a_neon','24',1),(169,26,'msm7627a','25',1),(170,26,'msm7630_surf','26',1),(171,26,'msm8625','27',1),(172,26,'msm8660_surf','28',1),(173,26,'msm8960','29',1),(174,26,'sample_addon','30',1),(175,26,'sdk','31',1),(176,26,'sdk_x86','32',1),(177,26,'stingray_emu','33',1),(178,26,'vbox_x86','34',1),(179,27,'A8660','1',1),(180,27,'C8680','2',1),(181,27,'copper','3',1),(182,27,'core','4',1),(183,27,'full_maguro','5',1),(184,27,'full','6',1),(185,27,'full_panda','7',1),(186,27,'full_tuna','8',1),(187,27,'full_x86','9',1),(188,27,'generic_armv5','10',1),(189,27,'generic','11',1),(190,27,'generic_x86','12',1),(191,27,'HWW820','13',1),(192,27,'large_emu_hw','14',1),(193,27,'msm7627_6x','15',1),(194,27,'msm7627a','16',1),(195,27,'msm7627_surf','17',1),(196,27,'msm7630_fusion','18',1),(197,27,'msm7630_surf','19',1),(198,27,'msm8660_surf','20',1),(199,27,'msm8960','21',1),(200,27,'sample_addon','22',1),(201,27,'sdk','23',1),(202,27,'sdk_x86','24',1),(203,27,'sesamejam','25',1),(204,27,'TinBoost','26',1),(205,27,'U8828D','27',1),(206,27,'vbox_x86','28',1),(207,17,'C8680VN','5',1),(208,28,'BUILD_NUMBER','xx.xx',1),(209,29,'PRODUCT_BRAND','xx.xx',1),(210,30,'folder','xx.xx',1),(211,14,'C8661','1',1),(212,14,'C8661_P1','2',1),(213,14,'C8093J','3',1),(214,14,'C8093M','4',1),(215,14,'C8096','5',1),(216,14,'C8663','6',1),(217,14,'C8868','7',1),(218,14,'A8660','8',1),(219,14,'A8660_SAW','9',1),(220,14,'M8662','10',1),(221,17,'ACARD','2',1),(222,31,'user','1',1),(223,31,'eng','2',1),(224,32,'sw_version','026',1),(225,33,'sw_version','07',1),(226,34,'sw_version','00.20',1),(227,35,'sw_version','00.14',1),(228,36,'sw_version','00.06',1),(229,26,'A27','1',1),(230,37,'A27','1',1),(231,37,'c8666','3',1),(232,37,'c8669','4',1),(233,37,'c8669SA','5',1),(234,37,'c8680','6',1),(235,37,'c8681','7',1),(236,37,'ekt-CA-8680','9',1),(237,37,'G350-U151','22',1),(238,37,'Houston','26',1),(239,38,'A27','1',1),(240,38,'c8666','2',1),(241,38,'c8669','3',1),(242,38,'c8680','4',1),(243,38,'c8681','5',1),(244,38,'G350-U151','19',1),(245,38,'Houston','23',1),(246,39,'A8660','1',1),(247,39,'ACARD','2',1),(248,39,'C8680GP','3',1),(249,39,'C8680','4',1),(250,39,'C8680VN','5',1),(251,39,'HWW820','16',1),(252,39,'Q-Smart','25',1),(253,39,'U8828D','31',1),(254,42,'release','1',1),(255,37,'A5801','2',1);
/*!40000 ALTER TABLE `optionvalues` ENABLE KEYS */;
UNLOCK TABLES;

--
-- Table structure for table `projectoptions`
--

DROP TABLE IF EXISTS `projectoptions`;
/*!40101 SET @saved_cs_client     = @@character_set_client */;
/*!40101 SET character_set_client = utf8 */;
CREATE TABLE `projectoptions` (
  `id` int(10) unsigned NOT NULL AUTO_INCREMENT,
  `projectid` int(10) unsigned NOT NULL,
  `optionid` int(10) unsigned NOT NULL,
  `state` int(10) unsigned NOT NULL DEFAULT '0',
  `sequence` int(10) unsigned NOT NULL DEFAULT '0',
  `category` varchar(64) NOT NULL,
  PRIMARY KEY (`id`),
  KEY `FK_projectoptions_ProjectID` (`projectid`) USING BTREE,
  KEY `FK_projectoptions_OptionID` (`optionid`) USING BTREE
) ENGINE=InnoDB AUTO_INCREMENT=88 DEFAULT CHARSET=utf8;
/*!40101 SET character_set_client = @saved_cs_client */;

--
-- Dumping data for table `projectoptions`
--

LOCK TABLES `projectoptions` WRITE;
/*!40000 ALTER TABLE `projectoptions` DISABLE KEYS */;
INSERT INTO `projectoptions` VALUES (0,0,0,0,0,''),(1,1,1,1,1,'build'),(2,1,2,1,2,'build'),(3,1,3,1,3,'build'),(4,1,4,1,4,'build'),(5,1,5,1,5,'build'),(6,1,6,1,6,'build'),(7,1,7,1,8,'build'),(8,1,14,1,7,'build'),(9,2,42,1,1,'build'),(10,2,37,1,2,'build'),(11,2,4,1,3,'build'),(12,2,19,1,4,'build'),(13,8,20,1,1,'build'),(14,8,21,1,2,'build'),(15,8,22,0,3,'build'),(16,8,19,1,4,'build'),(17,3,23,1,1,'build'),(18,4,24,1,1,'build'),(19,3,19,1,2,'build'),(20,4,19,1,2,'build'),(21,2,25,0,4,'build'),(22,9,2,1,1,'build'),(23,9,27,1,2,'build'),(24,9,4,1,3,'build'),(25,9,19,1,4,'build'),(26,10,2,1,1,'build'),(27,10,39,1,2,'build'),(28,10,4,1,3,'build'),(29,10,19,1,4,'build'),(30,11,42,1,1,'build'),(31,11,39,1,2,'build'),(32,11,4,1,3,'build'),(33,11,19,1,4,'build'),(34,12,42,1,1,'build'),(35,12,39,1,2,'build'),(36,12,4,1,3,'build'),(37,12,19,1,4,'build'),(38,13,2,1,1,'build'),(39,13,26,1,2,'build'),(40,13,4,1,3,'build'),(41,13,19,1,4,'build'),(42,14,2,1,1,'build'),(43,14,26,1,2,'build'),(44,14,4,1,3,'build'),(45,14,19,1,4,'build'),(46,15,2,1,1,'build'),(47,15,17,1,2,'build'),(48,15,4,1,3,'build'),(49,15,19,1,4,'build'),(50,16,42,1,1,'build'),(51,16,37,1,2,'build'),(52,16,4,1,3,'build'),(53,16,19,1,4,'build'),(54,1,28,0,10,'build'),(55,1,29,0,11,'build'),(56,1,30,1,12,'build'),(57,17,31,1,1,'build'),(58,17,32,1,2,'build'),(59,18,31,1,1,'build'),(60,18,33,1,2,'build'),(61,19,31,1,1,'build'),(62,19,34,1,2,'build'),(63,20,31,1,1,'build'),(64,20,35,1,2,'build'),(65,21,31,1,1,'build'),(66,21,36,1,2,'build'),(67,22,42,1,1,'build'),(68,22,38,1,2,'build'),(69,22,4,1,3,'build'),(70,22,19,1,4,'build'),(71,23,42,1,1,'build'),(72,23,38,1,2,'build'),(73,23,4,1,3,'build'),(74,23,19,1,4,'build'),(76,24,42,1,1,'build'),(77,24,37,1,2,'build'),(78,24,4,1,3,'build'),(79,24,19,1,4,'build'),(80,25,42,1,1,'build'),(81,25,39,1,2,'build'),(82,25,4,1,3,'build'),(83,25,19,1,4,'build'),(84,26,42,1,1,'build'),(85,26,37,1,2,'build'),(86,26,4,1,3,'build'),(87,26,19,1,4,'build');
/*!40000 ALTER TABLE `projectoptions` ENABLE KEYS */;
UNLOCK TABLES;

--
-- Table structure for table `projects`
--

DROP TABLE IF EXISTS `projects`;
/*!40101 SET @saved_cs_client     = @@character_set_client */;
/*!40101 SET character_set_client = utf8 */;
CREATE TABLE `projects` (
  `id` int(10) unsigned NOT NULL AUTO_INCREMENT,
  `name` varchar(128) NOT NULL DEFAULT '',
  `src` text NOT NULL,
  `principal` varchar(64) NOT NULL,
  `principalemail` varchar(32) NOT NULL,
  `pri` int(10) unsigned NOT NULL DEFAULT '1000',
  `remark` varchar(128) NOT NULL DEFAULT '',
  `state` int(10) unsigned NOT NULL DEFAULT '0',
  `groupid` int(10) unsigned NOT NULL,
  PRIMARY KEY (`id`)
) ENGINE=InnoDB AUTO_INCREMENT=27 DEFAULT CHARSET=utf8;
/*!40101 SET character_set_client = @saved_cs_client */;

--
-- Dumping data for table `projects`
--

LOCK TABLES `projects` WRITE;
/*!40000 ALTER TABLE `projects` DISABLE KEYS */;
INSERT INTO `projects` VALUES (1,'A8660','http://192.168.80.89/svn/a8660am/trunk','King Xu','King.Xu@cellon.com',1000,'A8660',1,2),(2,'C8681','ssh://roger.liu@192.168.80.106:29418/qrd8625r4/android.git','Mingjun Shen','Mingjun.Shen@cellon.com',1000,'C8681',1,1),(3,'A8686','ssh://fanny.fan@192.168.80.106:29418/A8686.git','Xiang Zhou','Xiang.Zhou@cellon.com',1000,'A8686',1,4),(4,'C9660','ssh://fanny.fan@192.168.80.106:29418/C9660.git','Bob Hu','Bob.Hu@cellon.com',1000,'C9660',1,3),(5,'C8096','http://192.168.80.90/svn/cellonmsmdsrepo/msm7627/branches/C8096','King Xu','King.Xu@cellon.com',1000,'C8096',0,2),(6,'C8096s','http://192.168.80.90/svn/cellonmsmdsrepo/msm7627/branches/C8096s','King Xu','King.Xu@cellon.com',1000,'C8096s',0,2),(7,'IC8560','http://192.168.80.90/svn/cellonmsmdsrepo/msm7627/branches/IC8560','King Xu','King.Xu@cellon.com',1000,'IC8560',0,2),(8,'C8690','http://192.168.80.89/svn/C8960_SAMSUNG/trunk','Frank Zhang','Frank.Zhang@cellon.com',1000,'C8690',1,9),(9,'C8680_Haier','ssh://roger.liu@192.168.80.106:29418/qrd8625r4/android.git','Zhenhua Gong','Zhenhua.Gong@cellon.com',1000,'C8680 for Haier',1,5),(10,'C8680_Cellon','ssh://roger.liu@192.168.80.106:29418/qrd8625r4/android.git','Zhenhua Gong','Zhenhua.Gong@cellon.com',1000,'C8680 for Cellon',1,6),(11,'C8680_QM','ssh://roger.liu@192.168.80.106:29418/qrd8625r4/android.git','Zhenhua Gong','Zhenhua.Gong@cellon.com',1000,'C8680 for QM',1,7),(12,'C8680_VN','ssh://roger.liu@192.168.80.106:29418/qrd8625r4/android.git','Zhenhua Gong','Zhenhua.Gong@cellon.com',1000,'C8680 for VN',1,8),(13,'C8669','ssh://roger.liu@192.168.80.106:29418/qrd8625r4/android.git','Martin Fu','Martin.Fu@cellon.com',1000,'C8669',1,10),(14,'A8666','ssh://roger.liu@192.168.80.106:29418/qrd8625r4/android.git','Martin Fu','Martin.Fu@cellon.com',1000,'A8666',1,11),(15,'C8680_GP','ssh://roger.liu@192.168.80.106:29418/qrd8625r4/android.git','Zhenhua Gong','Zhenhua.Gong@cellon.com',1000,'C8680_GP',1,12),(16,'C8680_JB','ssh://roger.liu@192.168.80.106:29418/qrd8625r4/android.git','Zhenhua Gong','Zhenhua.Gong@cellon.com',1000,'C8680 Android 4.1 JellyBean',1,13),(17,'C8690_Haier','http://192.168.80.89/svn/C8960_SAMSUNG/trunk','Zhao Jin','Zhao.Jin@cellon.com',1000,'C8690 Haier',1,14),(18,'C8690_BLU','http://192.168.80.89/svn/C8960_SAMSUNG/branches/C8690BLUnew/','Ice Zhao','Ice.Zhao@cellon.com',1000,'C8690_BLU',1,15),(19,'C8690_Newman','http://192.168.80.89/svn/C8960_SAMSUNG/branches/newman1','Zhao Jin','Zhao.Jin@cellon.com',1000,'C8690_Newman',1,16),(20,'C8690_VB','http://192.168.80.89/svn/C8960_SAMSUNG/branches/vb/','Zhao Jin','Zhao.Jin@cellon.com',1000,'C8690_VB',1,17),(21,'C8690_I20','http://192.168.80.89/svn/C8960_SAMSUNG/branches/newman1/','Zhao Jin','Zhao.Jin@cellon.com',1000,'C8690_I20',1,18),(22,'C8680_houston','ssh://roger.liu@192.168.80.106:29418/qrd8625r4/android.git','Zhenhua Gong','Zhenhua.Gong@cellon.com',1000,'C8680_houston',1,19),(23,'C8680_KB','ssh://roger.liu@192.168.80.106:29418/qrd8625r4/android.git','Zhenhua Gong','Zhenhua.Gong@cellon.com',1000,'C8680_KB',1,20),(24,'C8680_EKT','ssh://roger.liu@192.168.80.106:29418/qrd8625r4/android.git','Zhenhua Gong','Zhenhua.Gong@cellon.com',1000,'C8680_EKT',1,21),(25,'C8680_Acard','ssh://roger.liu@192.168.80.106:29418/qrd8625r4/android.git','Zhenhua Gong','Zhenhua.Gong@cellon.com',1000,'C8680_Acard',1,22),(26,'C8681_singal','ssh://roger.liu@192.168.80.106:29418/qrd8625r4/android.git','Mingjun Shen','Mingjun.Shen@cellon.com',1000,'C8681_singal',1,23);
/*!40000 ALTER TABLE `projects` ENABLE KEYS */;
UNLOCK TABLES;

--
-- Table structure for table `selectoptions`
--

DROP TABLE IF EXISTS `selectoptions`;
/*!40101 SET @saved_cs_client     = @@character_set_client */;
/*!40101 SET character_set_client = utf8 */;
CREATE TABLE `selectoptions` (
  `id` int(10) unsigned NOT NULL AUTO_INCREMENT,
  `tasktkey` varchar(32) NOT NULL,
  `optionname` varchar(32) NOT NULL,
  `selectvalue` varchar(32) NOT NULL,
  `projectid` int(10) unsigned NOT NULL,
  PRIMARY KEY (`id`)
) ENGINE=InnoDB AUTO_INCREMENT=1206 DEFAULT CHARSET=utf8;
/*!40101 SET character_set_client = @saved_cs_client */;

--
-- Dumping data for table `selectoptions`
--

LOCK TABLES `selectoptions` WRITE;
/*!40000 ALTER TABLE `selectoptions` DISABLE KEYS */;
INSERT INTO `selectoptions` VALUES (1,'6a1585d14ae5501b9c718436b0ccd14a','type','1',2),(2,'6a1585d14ae5501b9c718436b0ccd14a','product','1',2),(3,'6a1585d14ae5501b9c718436b0ccd14a','variant','1',2),(4,'e239fe1ac3f4b3f9ec3f2bcda5c082c7','type','2',2),(5,'e239fe1ac3f4b3f9ec3f2bcda5c082c7','product','6',2),(6,'e239fe1ac3f4b3f9ec3f2bcda5c082c7','variant','2',2),(7,'c6b0777ce33adba291f6335f28901e95','device','1',1),(8,'c6b0777ce33adba291f6335f28901e95','type','2',1),(9,'c6b0777ce33adba291f6335f28901e95','product','4',1),(10,'c6b0777ce33adba291f6335f28901e95','variant','1',1),(11,'c6b0777ce33adba291f6335f28901e95','region','13',1),(12,'c6b0777ce33adba291f6335f28901e95','logo','0',1),(13,'c6b0777ce33adba291f6335f28901e95','ANDROID_DISPLAY_VERSION','C8660CA_Claro_CA_3.0 ',1),(14,'c6b0777ce33adba291f6335f28901e95','PRODUCT_OTA_PUBLIC_KEYS','ota.x509.pem',1),(15,'ccec99480c6bf7387066f871f8acd648','type','1',2),(16,'ccec99480c6bf7387066f871f8acd648','product','13',2),(17,'ccec99480c6bf7387066f871f8acd648','variant','1',2),(18,'76f992f86a86f4a843db458e40e72238','type','2',2),(19,'76f992f86a86f4a843db458e40e72238','product','18',2),(20,'76f992f86a86f4a843db458e40e72238','variant','2',2),(21,'dde10a4b94546faa9df24be12c0ef358','type','1',2),(22,'dde10a4b94546faa9df24be12c0ef358','product','10',2),(23,'dde10a4b94546faa9df24be12c0ef358','variant','2',2),(24,'90581790be091fb17eeb2050ba9889aa','type','1',2),(25,'90581790be091fb17eeb2050ba9889aa','product','10',2),(26,'90581790be091fb17eeb2050ba9889aa','variant','2',2),(27,'a7f88042f3b81ca6f718ea6462f43ec8','device','1',1),(28,'a7f88042f3b81ca6f718ea6462f43ec8','type','1',1),(29,'a7f88042f3b81ca6f718ea6462f43ec8','product','1',1),(30,'a7f88042f3b81ca6f718ea6462f43ec8','variant','1',1),(31,'a7f88042f3b81ca6f718ea6462f43ec8','region','1',1),(32,'a7f88042f3b81ca6f718ea6462f43ec8','logo','0',1),(33,'a7f88042f3b81ca6f718ea6462f43ec8','ANDROID_DISPLAY_VERSION','C8660CA_Claro_CA_3.0 ',1),(34,'a7f88042f3b81ca6f718ea6462f43ec8','PRODUCT_OTA_PUBLIC_KEYS','ota.x509.pem',1),(35,'a7d83a747fa67bb73e3ebcf08cc8eaac','device','1',1),(36,'a7d83a747fa67bb73e3ebcf08cc8eaac','type','1',1),(37,'a7d83a747fa67bb73e3ebcf08cc8eaac','product','1',1),(38,'a7d83a747fa67bb73e3ebcf08cc8eaac','variant','1',1),(39,'a7d83a747fa67bb73e3ebcf08cc8eaac','region','1',1),(40,'a7d83a747fa67bb73e3ebcf08cc8eaac','logo','0',1),(41,'a7d83a747fa67bb73e3ebcf08cc8eaac','ANDROID_DISPLAY_VERSION','C8660CA_Claro_CA_3.0 ',1),(42,'a7d83a747fa67bb73e3ebcf08cc8eaac','PRODUCT_OTA_PUBLIC_KEYS','ota.x509.pem',1),(43,'d6db104d2aae8784038e4970d8fd4b41','device','1',1),(44,'d6db104d2aae8784038e4970d8fd4b41','type','1',1),(45,'d6db104d2aae8784038e4970d8fd4b41','product','1',1),(46,'d6db104d2aae8784038e4970d8fd4b41','variant','1',1),(47,'d6db104d2aae8784038e4970d8fd4b41','region','1',1),(48,'d6db104d2aae8784038e4970d8fd4b41','logo','0',1),(49,'d6db104d2aae8784038e4970d8fd4b41','ANDROID_DISPLAY_VERSION','C8660CA_Claro_CA_3.0 ',1),(50,'d6db104d2aae8784038e4970d8fd4b41','PRODUCT_OTA_PUBLIC_KEYS','ota.x509.pem',1),(51,'a353829f7b055a8b2b28c3c5265a4915','device','1',1),(52,'a353829f7b055a8b2b28c3c5265a4915','type','1',1),(53,'a353829f7b055a8b2b28c3c5265a4915','product','1',1),(54,'a353829f7b055a8b2b28c3c5265a4915','variant','1',1),(55,'a353829f7b055a8b2b28c3c5265a4915','region','1',1),(56,'a353829f7b055a8b2b28c3c5265a4915','logo','0',1),(57,'a353829f7b055a8b2b28c3c5265a4915','ANDROID_DISPLAY_VERSION','C8660CA_Claro_CA_3.0 ',1),(58,'a353829f7b055a8b2b28c3c5265a4915','PRODUCT_OTA_PUBLIC_KEYS','ota.x509.pem',1),(59,'618741a5755043957586b94f5af2eaf0','device','1',1),(60,'618741a5755043957586b94f5af2eaf0','type','1',1),(61,'618741a5755043957586b94f5af2eaf0','product','1',1),(62,'618741a5755043957586b94f5af2eaf0','variant','1',1),(63,'618741a5755043957586b94f5af2eaf0','region','1',1),(64,'618741a5755043957586b94f5af2eaf0','logo','0',1),(65,'618741a5755043957586b94f5af2eaf0','ANDROID_DISPLAY_VERSION','C8660CA_Claro_CA_3.0 ',1),(66,'618741a5755043957586b94f5af2eaf0','PRODUCT_OTA_PUBLIC_KEYS','ota.x509.pem',1),(67,'93c8eb700ede687cba82480756a6d680','type','1',2),(68,'93c8eb700ede687cba82480756a6d680','product','2',2),(69,'93c8eb700ede687cba82480756a6d680','variant','1',2),(70,'7ccb7a20ca1d72aabb1480326bcecb07','type','1',2),(71,'7ccb7a20ca1d72aabb1480326bcecb07','product','1',2),(72,'7ccb7a20ca1d72aabb1480326bcecb07','variant','1',2),(73,'8b9c6ef4a7b30333d0e9c41fa26fd1f2','device','1',1),(74,'8b9c6ef4a7b30333d0e9c41fa26fd1f2','type','1',1),(75,'8b9c6ef4a7b30333d0e9c41fa26fd1f2','product','1',1),(76,'8b9c6ef4a7b30333d0e9c41fa26fd1f2','variant','1',1),(77,'8b9c6ef4a7b30333d0e9c41fa26fd1f2','region','1',1),(78,'8b9c6ef4a7b30333d0e9c41fa26fd1f2','logo','0',1),(79,'8b9c6ef4a7b30333d0e9c41fa26fd1f2','ANDROID_DISPLAY_VERSION','C8660CA_Claro_CA_3.0 ',1),(80,'8b9c6ef4a7b30333d0e9c41fa26fd1f2','PRODUCT_OTA_PUBLIC_KEYS','ota.x509.pem',1),(81,'7b76ee03775c5e4f977139ddc905ac84','type','1',2),(82,'7b76ee03775c5e4f977139ddc905ac84','product','1',2),(83,'7b76ee03775c5e4f977139ddc905ac84','variant','1',2),(84,'40bc77abe75c08b66c5dbd1b9c1ba7c6','type','1',2),(85,'40bc77abe75c08b66c5dbd1b9c1ba7c6','product','1',2),(86,'40bc77abe75c08b66c5dbd1b9c1ba7c6','variant','1',2),(87,'c4dbc98492907020e672db5927e12fee','type','1',2),(88,'c4dbc98492907020e672db5927e12fee','product','1',2),(89,'c4dbc98492907020e672db5927e12fee','variant','1',2),(90,'b0f1af66d5ce13bb663281cc5e4a35db','type','1',2),(91,'b0f1af66d5ce13bb663281cc5e4a35db','product','14',2),(92,'b0f1af66d5ce13bb663281cc5e4a35db','variant','1',2),(93,'624709aff4d96899b084d147f14db6f4','type','2',2),(94,'624709aff4d96899b084d147f14db6f4','product','10',2),(95,'624709aff4d96899b084d147f14db6f4','variant','2',2),(96,'7a0245ad9a155e89b352d69ef60754b5','type','1',2),(97,'7a0245ad9a155e89b352d69ef60754b5','product','1',2),(98,'7a0245ad9a155e89b352d69ef60754b5','variant','1',2),(99,'973d348c9d86d91fb7ad0ada15aa998a','type','2',2),(100,'973d348c9d86d91fb7ad0ada15aa998a','product','13',2),(101,'973d348c9d86d91fb7ad0ada15aa998a','variant','1',2),(102,'691da04a85a1c7a67597ac51c208c254','type','1',2),(103,'691da04a85a1c7a67597ac51c208c254','product','1',2),(104,'691da04a85a1c7a67597ac51c208c254','variant','1',2),(105,'eb9727f994cb623b4c84b2dd0c7d8921','type','1',2),(106,'eb9727f994cb623b4c84b2dd0c7d8921','product','1',2),(107,'eb9727f994cb623b4c84b2dd0c7d8921','variant','1',2),(108,'065a526500ac25ca9c38fbe9966ff96e','type','1',2),(109,'065a526500ac25ca9c38fbe9966ff96e','product','1',2),(110,'065a526500ac25ca9c38fbe9966ff96e','variant','1',2),(111,'c73c071dccae6017b8c5009847fb4fdb','device','2',1),(112,'c73c071dccae6017b8c5009847fb4fdb','type','1',1),(113,'c73c071dccae6017b8c5009847fb4fdb','product','5',1),(114,'c73c071dccae6017b8c5009847fb4fdb','variant','1',1),(115,'c73c071dccae6017b8c5009847fb4fdb','region','15',1),(116,'c73c071dccae6017b8c5009847fb4fdb','logo','7',1),(117,'c73c071dccae6017b8c5009847fb4fdb','ANDROID_DISPLAY_VERSION','C8660CA_Claro_CA_3.0 ',1),(118,'c73c071dccae6017b8c5009847fb4fdb','PRODUCT_OTA_PUBLIC_KEYS','ota.x509.pem',1),(119,'556f22aefd3390a013995c5593e87019','device','1',1),(120,'556f22aefd3390a013995c5593e87019','type','1',1),(121,'556f22aefd3390a013995c5593e87019','product','1',1),(122,'556f22aefd3390a013995c5593e87019','variant','1',1),(123,'556f22aefd3390a013995c5593e87019','region','1',1),(124,'556f22aefd3390a013995c5593e87019','logo','0',1),(125,'556f22aefd3390a013995c5593e87019','ANDROID_DISPLAY_VERSION','C8660CA_Claro_CA_3.0 ',1),(126,'556f22aefd3390a013995c5593e87019','PRODUCT_OTA_PUBLIC_KEYS','ota.x509.pem',1),(127,'cabcc76ff62d4bf7c47e18f8b08eee11','device','1',1),(128,'cabcc76ff62d4bf7c47e18f8b08eee11','type','1',1),(129,'cabcc76ff62d4bf7c47e18f8b08eee11','product','1',1),(130,'cabcc76ff62d4bf7c47e18f8b08eee11','variant','1',1),(131,'cabcc76ff62d4bf7c47e18f8b08eee11','region','1',1),(132,'cabcc76ff62d4bf7c47e18f8b08eee11','logo','0',1),(133,'cabcc76ff62d4bf7c47e18f8b08eee11','ANDROID_DISPLAY_VERSION','C8660CA_Claro_CA_3.0 ',1),(134,'cabcc76ff62d4bf7c47e18f8b08eee11','PRODUCT_OTA_PUBLIC_KEYS','ota.x509.pem',1),(135,'6f8e23a395bdc20bedd2c8c58f0dfc81','device','1',1),(136,'6f8e23a395bdc20bedd2c8c58f0dfc81','type','1',1),(137,'6f8e23a395bdc20bedd2c8c58f0dfc81','product','1',1),(138,'6f8e23a395bdc20bedd2c8c58f0dfc81','variant','1',1),(139,'6f8e23a395bdc20bedd2c8c58f0dfc81','region','1',1),(140,'6f8e23a395bdc20bedd2c8c58f0dfc81','logo','0',1),(141,'6f8e23a395bdc20bedd2c8c58f0dfc81','ANDROID_DISPLAY_VERSION','C8660CA_Claro_CA_3.0 ',1),(142,'6f8e23a395bdc20bedd2c8c58f0dfc81','PRODUCT_OTA_PUBLIC_KEYS','ota.x509.pem',1),(143,'9ceb4852d9caeaca4a063c55d97a7a6f','device','2',1),(144,'9ceb4852d9caeaca4a063c55d97a7a6f','type','1',1),(145,'9ceb4852d9caeaca4a063c55d97a7a6f','product','4',1),(146,'9ceb4852d9caeaca4a063c55d97a7a6f','variant','3',1),(147,'9ceb4852d9caeaca4a063c55d97a7a6f','region','1',1),(148,'9ceb4852d9caeaca4a063c55d97a7a6f','logo','0',1),(149,'9ceb4852d9caeaca4a063c55d97a7a6f','ANDROID_DISPLAY_VERSION','C8660CA_Claro_CA_3.0 ',1),(150,'9ceb4852d9caeaca4a063c55d97a7a6f','PRODUCT_OTA_PUBLIC_KEYS','ota.x509.pem',1),(151,'83cace738e3b155fcfe3c7d828eae449','device','1',1),(152,'83cace738e3b155fcfe3c7d828eae449','type','1',1),(153,'83cace738e3b155fcfe3c7d828eae449','product','1',1),(154,'83cace738e3b155fcfe3c7d828eae449','variant','1',1),(155,'83cace738e3b155fcfe3c7d828eae449','region','1',1),(156,'83cace738e3b155fcfe3c7d828eae449','logo','0',1),(157,'83cace738e3b155fcfe3c7d828eae449','ANDROID_DISPLAY_VERSION','C8660CA_Claro_CA_3.0 ',1),(158,'83cace738e3b155fcfe3c7d828eae449','PRODUCT_OTA_PUBLIC_KEYS','ota.x509.pem',1),(159,'55236b47a355f62cd09f51d282088a88','type','1',2),(160,'55236b47a355f62cd09f51d282088a88','product','2',2),(161,'55236b47a355f62cd09f51d282088a88','variant','2',2),(162,'e3512a5e28769cd35ec69c89c6e0e758','type','2',2),(163,'e3512a5e28769cd35ec69c89c6e0e758','product','17',2),(164,'e3512a5e28769cd35ec69c89c6e0e758','variant','3',2),(165,'34bff12a34056b4bf7d7e78b7a905400','device','1',1),(166,'34bff12a34056b4bf7d7e78b7a905400','type','2',1),(167,'34bff12a34056b4bf7d7e78b7a905400','product','7',1),(168,'34bff12a34056b4bf7d7e78b7a905400','variant','3',1),(169,'34bff12a34056b4bf7d7e78b7a905400','region','9',1),(170,'34bff12a34056b4bf7d7e78b7a905400','logo','19',1),(171,'34bff12a34056b4bf7d7e78b7a905400','ANDROID_DISPLAY_VERSION','TTTTTTTTTTTTTTC8660CA_Claro_CA_3',1),(172,'34bff12a34056b4bf7d7e78b7a905400','PRODUCT_OTA_PUBLIC_KEYS','ota.x509.pem',1),(173,'8b7d996f624d067c9e8ad0b4785e0bd0','type','2',2),(174,'8b7d996f624d067c9e8ad0b4785e0bd0','product','1',2),(175,'8b7d996f624d067c9e8ad0b4785e0bd0','variant','3',2),(176,'4ed6c14fb243628748dc8b6b7449b41a','type','2',2),(177,'4ed6c14fb243628748dc8b6b7449b41a','product','1',2),(178,'4ed6c14fb243628748dc8b6b7449b41a','variant','3',2),(179,'40759d958e9cfe4cb2e089ab91b39c7f','type','2',2),(180,'40759d958e9cfe4cb2e089ab91b39c7f','product','1',2),(181,'40759d958e9cfe4cb2e089ab91b39c7f','variant','3',2),(182,'91cb1ade277c91af86dde2a761a698e7','type','2',2),(183,'91cb1ade277c91af86dde2a761a698e7','product','1',2),(184,'91cb1ade277c91af86dde2a761a698e7','variant','3',2),(185,'87cab091571a1d3dfb15051107ab4259','device','1',1),(186,'87cab091571a1d3dfb15051107ab4259','type','2',1),(187,'87cab091571a1d3dfb15051107ab4259','product','1',1),(188,'87cab091571a1d3dfb15051107ab4259','variant','3',1),(189,'87cab091571a1d3dfb15051107ab4259','region','1',1),(190,'87cab091571a1d3dfb15051107ab4259','logo','1',1),(191,'87cab091571a1d3dfb15051107ab4259','ANDROID_DISPLAY_VERSION','C8660CA_Claro_CA_3.0 ',1),(192,'87cab091571a1d3dfb15051107ab4259','PRODUCT_OTA_PUBLIC_KEYS','ota.x509.pem',1),(193,'df3f7f49433df270a2d238df77dec8d1','type','2',2),(194,'df3f7f49433df270a2d238df77dec8d1','product','1',2),(195,'df3f7f49433df270a2d238df77dec8d1','variant','3',2),(196,'8288a3a16e37fe4ce3dad7f744f71b66','type','1',2),(197,'8288a3a16e37fe4ce3dad7f744f71b66','product','26',2),(198,'8288a3a16e37fe4ce3dad7f744f71b66','variant','1',2),(199,'a3d6bfb84c719ddf987027de5d450c99','type','2',2),(200,'a3d6bfb84c719ddf987027de5d450c99','product','1',2),(201,'a3d6bfb84c719ddf987027de5d450c99','variant','3',2),(202,'72705d5c3655986b1f3b040ae4b8057c','type','2',2),(203,'72705d5c3655986b1f3b040ae4b8057c','product','1',2),(204,'72705d5c3655986b1f3b040ae4b8057c','variant','3',2),(205,'17c0377538be64ae1e50ae20326c257d','type','2',2),(206,'17c0377538be64ae1e50ae20326c257d','product','1',2),(207,'17c0377538be64ae1e50ae20326c257d','variant','3',2),(208,'0ae0b10d48bf3e7541211c6eb1ac14bf','device','1',1),(209,'0ae0b10d48bf3e7541211c6eb1ac14bf','type','2',1),(210,'0ae0b10d48bf3e7541211c6eb1ac14bf','product','1',1),(211,'0ae0b10d48bf3e7541211c6eb1ac14bf','variant','3',1),(212,'0ae0b10d48bf3e7541211c6eb1ac14bf','region','1',1),(213,'0ae0b10d48bf3e7541211c6eb1ac14bf','logo','1',1),(214,'0ae0b10d48bf3e7541211c6eb1ac14bf','ANDROID_DISPLAY_VERSION','C8660CA_Claro_CA_3.0 ',1),(215,'0ae0b10d48bf3e7541211c6eb1ac14bf','PRODUCT_OTA_PUBLIC_KEYS','ota.x509.pem',1),(216,'44fb960e3196dfec450f42979ca7f7c4','type','2',2),(217,'44fb960e3196dfec450f42979ca7f7c4','product','1',2),(218,'44fb960e3196dfec450f42979ca7f7c4','variant','3',2),(219,'7bd48eef2eaf651d62f99170b973d616','device','1',1),(220,'7bd48eef2eaf651d62f99170b973d616','type','2',1),(221,'7bd48eef2eaf651d62f99170b973d616','product','1',1),(222,'7bd48eef2eaf651d62f99170b973d616','variant','3',1),(223,'7bd48eef2eaf651d62f99170b973d616','region','1',1),(224,'7bd48eef2eaf651d62f99170b973d616','logo','1',1),(225,'7bd48eef2eaf651d62f99170b973d616','ANDROID_DISPLAY_VERSION','C8660CA_Claro_CA_3.0 ',1),(226,'7bd48eef2eaf651d62f99170b973d616','PRODUCT_OTA_PUBLIC_KEYS','ota.x509.pem',1),(227,'8e7e67fc5c66aa24ea3338dac942a5dc','type','2',2),(228,'8e7e67fc5c66aa24ea3338dac942a5dc','product','1',2),(229,'8e7e67fc5c66aa24ea3338dac942a5dc','variant','3',2),(230,'05b06f2a47601bcefba96aba53f41ac3','device','1',1),(231,'05b06f2a47601bcefba96aba53f41ac3','type','2',1),(232,'05b06f2a47601bcefba96aba53f41ac3','product','1',1),(233,'05b06f2a47601bcefba96aba53f41ac3','variant','3',1),(234,'05b06f2a47601bcefba96aba53f41ac3','region','1',1),(235,'05b06f2a47601bcefba96aba53f41ac3','logo','1',1),(236,'05b06f2a47601bcefba96aba53f41ac3','ANDROID_DISPLAY_VERSION','C8660CA_Claro_CA_3.0 ',1),(237,'05b06f2a47601bcefba96aba53f41ac3','PRODUCT_OTA_PUBLIC_KEYS','ota.x509.pem',1),(238,'e369c5e98d5450d1de8b9a6560f5176f','type','2',2),(239,'e369c5e98d5450d1de8b9a6560f5176f','product','1',2),(240,'e369c5e98d5450d1de8b9a6560f5176f','variant','3',2),(241,'fdf2ea1d92390b66cc46fe43a16e6617','device','1',1),(242,'fdf2ea1d92390b66cc46fe43a16e6617','type','2',1),(243,'fdf2ea1d92390b66cc46fe43a16e6617','product','1',1),(244,'fdf2ea1d92390b66cc46fe43a16e6617','variant','3',1),(245,'fdf2ea1d92390b66cc46fe43a16e6617','region','1',1),(246,'fdf2ea1d92390b66cc46fe43a16e6617','logo','1',1),(247,'fdf2ea1d92390b66cc46fe43a16e6617','ANDROID_DISPLAY_VERSION','C8660CA_Claro_CA_3.0 ',1),(248,'fdf2ea1d92390b66cc46fe43a16e6617','PRODUCT_OTA_PUBLIC_KEYS','ota.x509.pem',1),(249,'b2f8111500d74d4e71c9e0dea4085a75','device','1',1),(250,'b2f8111500d74d4e71c9e0dea4085a75','type','2',1),(251,'b2f8111500d74d4e71c9e0dea4085a75','product','1',1),(252,'b2f8111500d74d4e71c9e0dea4085a75','variant','3',1),(253,'b2f8111500d74d4e71c9e0dea4085a75','region','1',1),(254,'b2f8111500d74d4e71c9e0dea4085a75','logo','1',1),(255,'b2f8111500d74d4e71c9e0dea4085a75','ANDROID_DISPLAY_VERSION','C8660CA_Claro_CA_3.0 ',1),(256,'b2f8111500d74d4e71c9e0dea4085a75','PRODUCT_OTA_PUBLIC_KEYS','ota.x509.pem',1),(257,'5033ffb8f3f36a1d3bd0124e1f09c250','type','2',2),(258,'5033ffb8f3f36a1d3bd0124e1f09c250','product','1',2),(259,'5033ffb8f3f36a1d3bd0124e1f09c250','variant','3',2),(260,'11868d97577f4e72ba46628cfd37015f','device','1',1),(261,'11868d97577f4e72ba46628cfd37015f','type','2',1),(262,'11868d97577f4e72ba46628cfd37015f','product','1',1),(263,'11868d97577f4e72ba46628cfd37015f','variant','3',1),(264,'11868d97577f4e72ba46628cfd37015f','region','1',1),(265,'11868d97577f4e72ba46628cfd37015f','logo','1',1),(266,'11868d97577f4e72ba46628cfd37015f','ANDROID_DISPLAY_VERSION','C8660CA_Claro_CA_3.0 ',1),(267,'11868d97577f4e72ba46628cfd37015f','PRODUCT_OTA_PUBLIC_KEYS','ota.x509.pem',1),(268,'a067748f15f86f75783e08c6c40efa7c','type','2',2),(269,'a067748f15f86f75783e08c6c40efa7c','product','1',2),(270,'a067748f15f86f75783e08c6c40efa7c','variant','3',2),(271,'5b9f0324cdbcf16ede17f4fcd5423871','device','1',1),(272,'5b9f0324cdbcf16ede17f4fcd5423871','type','2',1),(273,'5b9f0324cdbcf16ede17f4fcd5423871','product','1',1),(274,'5b9f0324cdbcf16ede17f4fcd5423871','variant','3',1),(275,'5b9f0324cdbcf16ede17f4fcd5423871','region','1',1),(276,'5b9f0324cdbcf16ede17f4fcd5423871','logo','1',1),(277,'5b9f0324cdbcf16ede17f4fcd5423871','ANDROID_DISPLAY_VERSION','C8660CA_Claro_CA_3.0 ',1),(278,'5b9f0324cdbcf16ede17f4fcd5423871','PRODUCT_OTA_PUBLIC_KEYS','ota.x509.pem',1),(279,'126eefbc6287b111ed2ecf83e01dd614','device','1',1),(280,'126eefbc6287b111ed2ecf83e01dd614','type','2',1),(281,'126eefbc6287b111ed2ecf83e01dd614','product','1',1),(282,'126eefbc6287b111ed2ecf83e01dd614','variant','3',1),(283,'126eefbc6287b111ed2ecf83e01dd614','region','1',1),(284,'126eefbc6287b111ed2ecf83e01dd614','logo','1',1),(285,'126eefbc6287b111ed2ecf83e01dd614','ANDROID_DISPLAY_VERSION','C8660CA_Claro_CA_3.0 ',1),(286,'126eefbc6287b111ed2ecf83e01dd614','PRODUCT_OTA_PUBLIC_KEYS','ota.x509.pem',1),(287,'358f5551656eb22434505455c7ec472a','type','2',2),(288,'358f5551656eb22434505455c7ec472a','product','1',2),(289,'358f5551656eb22434505455c7ec472a','variant','3',2),(290,'4dddfb0c646bcdea0835120ae08a4d10','device','1',1),(291,'4dddfb0c646bcdea0835120ae08a4d10','type','2',1),(292,'4dddfb0c646bcdea0835120ae08a4d10','product','1',1),(293,'4dddfb0c646bcdea0835120ae08a4d10','variant','3',1),(294,'4dddfb0c646bcdea0835120ae08a4d10','region','1',1),(295,'4dddfb0c646bcdea0835120ae08a4d10','logo','1',1),(296,'4dddfb0c646bcdea0835120ae08a4d10','ANDROID_DISPLAY_VERSION','C8660CA_Claro_CA_3.0 ',1),(297,'4dddfb0c646bcdea0835120ae08a4d10','PRODUCT_OTA_PUBLIC_KEYS','ota.x509.pem',1),(298,'98ada66efcec680a5f840123832efd99','device','1',1),(299,'98ada66efcec680a5f840123832efd99','type','2',1),(300,'98ada66efcec680a5f840123832efd99','product','1',1),(301,'98ada66efcec680a5f840123832efd99','variant','3',1),(302,'98ada66efcec680a5f840123832efd99','region','1',1),(303,'98ada66efcec680a5f840123832efd99','logo','1',1),(304,'98ada66efcec680a5f840123832efd99','ANDROID_DISPLAY_VERSION','C8660CA_Claro_CA_3.0 ',1),(305,'98ada66efcec680a5f840123832efd99','PRODUCT_OTA_PUBLIC_KEYS','ota.x509.pem',1),(306,'cf14e2b43d8fc578dee86d518b7c5a99','type','2',2),(307,'cf14e2b43d8fc578dee86d518b7c5a99','product','1',2),(308,'cf14e2b43d8fc578dee86d518b7c5a99','variant','3',2),(309,'594997fe5718a1d8586b36e44fa84061','device','1',1),(310,'594997fe5718a1d8586b36e44fa84061','type','2',1),(311,'594997fe5718a1d8586b36e44fa84061','product','1',1),(312,'594997fe5718a1d8586b36e44fa84061','variant','3',1),(313,'594997fe5718a1d8586b36e44fa84061','region','1',1),(314,'594997fe5718a1d8586b36e44fa84061','logo','1',1),(315,'594997fe5718a1d8586b36e44fa84061','ANDROID_DISPLAY_VERSION','C8660CA_Claro_CA_3.0 ',1),(316,'594997fe5718a1d8586b36e44fa84061','PRODUCT_OTA_PUBLIC_KEYS','ota.x509.pem',1),(317,'ff98991227bddd07c03ebe570d28b937','device','1',1),(318,'ff98991227bddd07c03ebe570d28b937','type','2',1),(319,'ff98991227bddd07c03ebe570d28b937','product','1',1),(320,'ff98991227bddd07c03ebe570d28b937','variant','3',1),(321,'ff98991227bddd07c03ebe570d28b937','region','1',1),(322,'ff98991227bddd07c03ebe570d28b937','logo','1',1),(323,'ff98991227bddd07c03ebe570d28b937','ANDROID_DISPLAY_VERSION','C8660CA_Claro_CA_3.0 ',1),(324,'ff98991227bddd07c03ebe570d28b937','PRODUCT_OTA_PUBLIC_KEYS','ota.x509.pem',1),(325,'db84cd5f2e6bc81a52b67cb05f47fabd','type','2',2),(326,'db84cd5f2e6bc81a52b67cb05f47fabd','product','1',2),(327,'db84cd5f2e6bc81a52b67cb05f47fabd','variant','3',2),(328,'9b321d35524da45d1557747df674ec49','type','2',2),(329,'9b321d35524da45d1557747df674ec49','product','1',2),(330,'9b321d35524da45d1557747df674ec49','variant','3',2),(331,'bae1dffdd5d51dece6a3bd6e82b19e62','device','1',1),(332,'bae1dffdd5d51dece6a3bd6e82b19e62','type','2',1),(333,'bae1dffdd5d51dece6a3bd6e82b19e62','product','1',1),(334,'bae1dffdd5d51dece6a3bd6e82b19e62','variant','3',1),(335,'bae1dffdd5d51dece6a3bd6e82b19e62','region','1',1),(336,'bae1dffdd5d51dece6a3bd6e82b19e62','logo','1',1),(337,'bae1dffdd5d51dece6a3bd6e82b19e62','ANDROID_DISPLAY_VERSION','C8660CA_Claro_CA_3.0 ',1),(338,'bae1dffdd5d51dece6a3bd6e82b19e62','PRODUCT_OTA_PUBLIC_KEYS','ota.x509.pem',1),(339,'733f5bef0c36510737a23c0c8975b542','device','1',1),(340,'733f5bef0c36510737a23c0c8975b542','type','2',1),(341,'733f5bef0c36510737a23c0c8975b542','product','1',1),(342,'733f5bef0c36510737a23c0c8975b542','variant','3',1),(343,'733f5bef0c36510737a23c0c8975b542','region','1',1),(344,'733f5bef0c36510737a23c0c8975b542','logo','1',1),(345,'733f5bef0c36510737a23c0c8975b542','ANDROID_DISPLAY_VERSION','C8660CA_Claro_CA_3.0 ',1),(346,'733f5bef0c36510737a23c0c8975b542','PRODUCT_OTA_PUBLIC_KEYS','ota.x509.pem',1),(347,'ea5d293f69b631df1d2fc04833d876b4','type','2',2),(348,'ea5d293f69b631df1d2fc04833d876b4','product','1',2),(349,'ea5d293f69b631df1d2fc04833d876b4','variant','3',2),(350,'e22fd19fc2dc9a67b88e3d138b096826','device','1',1),(351,'e22fd19fc2dc9a67b88e3d138b096826','type','2',1),(352,'e22fd19fc2dc9a67b88e3d138b096826','product','1',1),(353,'e22fd19fc2dc9a67b88e3d138b096826','variant','3',1),(354,'e22fd19fc2dc9a67b88e3d138b096826','region','1',1),(355,'e22fd19fc2dc9a67b88e3d138b096826','logo','1',1),(356,'e22fd19fc2dc9a67b88e3d138b096826','ANDROID_DISPLAY_VERSION','C8660CA_Claro_CA_3.0 ',1),(357,'e22fd19fc2dc9a67b88e3d138b096826','PRODUCT_OTA_PUBLIC_KEYS','ota.x509.pem',1),(358,'c145e74ecfcc23f878c914989d75f71d','type','2',2),(359,'c145e74ecfcc23f878c914989d75f71d','product','1',2),(360,'c145e74ecfcc23f878c914989d75f71d','variant','3',2),(361,'502d939767cda12a41f64f29e8526720','device','1',1),(362,'502d939767cda12a41f64f29e8526720','type','2',1),(363,'502d939767cda12a41f64f29e8526720','product','1',1),(364,'502d939767cda12a41f64f29e8526720','variant','3',1),(365,'502d939767cda12a41f64f29e8526720','region','1',1),(366,'502d939767cda12a41f64f29e8526720','logo','1',1),(367,'502d939767cda12a41f64f29e8526720','ANDROID_DISPLAY_VERSION','C8660CA_Claro_CA_3.0 ',1),(368,'502d939767cda12a41f64f29e8526720','PRODUCT_OTA_PUBLIC_KEYS','ota.x509.pem',1),(369,'81ea591c6c0e750c4e013cc961ce40e1','device','1',1),(370,'81ea591c6c0e750c4e013cc961ce40e1','type','2',1),(371,'81ea591c6c0e750c4e013cc961ce40e1','product','1',1),(372,'81ea591c6c0e750c4e013cc961ce40e1','variant','3',1),(373,'81ea591c6c0e750c4e013cc961ce40e1','region','1',1),(374,'81ea591c6c0e750c4e013cc961ce40e1','logo','1',1),(375,'81ea591c6c0e750c4e013cc961ce40e1','ANDROID_DISPLAY_VERSION','C8660CA_Claro_CA_3.0 ',1),(376,'81ea591c6c0e750c4e013cc961ce40e1','PRODUCT_OTA_PUBLIC_KEYS','ota.x509.pem',1),(377,'ad5c2e480ed3a90d5d27746cc01632ef','type','2',2),(378,'ad5c2e480ed3a90d5d27746cc01632ef','product','1',2),(379,'ad5c2e480ed3a90d5d27746cc01632ef','variant','3',2),(380,'f61a32b0e89b3e5be1a5b985fac6c06c','device','1',1),(381,'f61a32b0e89b3e5be1a5b985fac6c06c','type','2',1),(382,'f61a32b0e89b3e5be1a5b985fac6c06c','product','1',1),(383,'f61a32b0e89b3e5be1a5b985fac6c06c','variant','3',1),(384,'f61a32b0e89b3e5be1a5b985fac6c06c','region','1',1),(385,'f61a32b0e89b3e5be1a5b985fac6c06c','logo','1',1),(386,'f61a32b0e89b3e5be1a5b985fac6c06c','ANDROID_DISPLAY_VERSION','C8660CA_Claro_CA_3.0 ',1),(387,'f61a32b0e89b3e5be1a5b985fac6c06c','PRODUCT_OTA_PUBLIC_KEYS','ota.x509.pem',1),(388,'3a0ccd6668c87fa77e60770d470ae2ff','type','1',2),(389,'3a0ccd6668c87fa77e60770d470ae2ff','product','2',2),(390,'3a0ccd6668c87fa77e60770d470ae2ff','variant','1',2),(391,'3a0ccd6668c87fa77e60770d470ae2ff','sw_version','xx.01',2),(392,'abb616c1eff719785080db6f686f7945','type','2',2),(393,'abb616c1eff719785080db6f686f7945','product','1',2),(394,'abb616c1eff719785080db6f686f7945','variant','3',2),(395,'abb616c1eff719785080db6f686f7945','sw_version','xx.01',2),(396,'038c2fc39e338ad08e0c91564981abfa','type','1',2),(397,'038c2fc39e338ad08e0c91564981abfa','product','2',2),(398,'038c2fc39e338ad08e0c91564981abfa','variant','1',2),(399,'038c2fc39e338ad08e0c91564981abfa','sw_version','xx.01',2),(400,'c805034a4c9be5ad6ed63cfc196023d2','type','1',2),(401,'c805034a4c9be5ad6ed63cfc196023d2','product','2',2),(402,'c805034a4c9be5ad6ed63cfc196023d2','variant','1',2),(403,'c805034a4c9be5ad6ed63cfc196023d2','sw_version','xx.01',2),(404,'34a463c346d42f184c2caaeb6ca6fb77','device','2',1),(405,'34a463c346d42f184c2caaeb6ca6fb77','type','2',1),(406,'34a463c346d42f184c2caaeb6ca6fb77','product','1',1),(407,'34a463c346d42f184c2caaeb6ca6fb77','variant','3',1),(408,'34a463c346d42f184c2caaeb6ca6fb77','region','1',1),(409,'34a463c346d42f184c2caaeb6ca6fb77','logo','1',1),(410,'34a463c346d42f184c2caaeb6ca6fb77','ANDROID_DISPLAY_VERSION','C8660CA_Claro_CA_3.0 ',1),(411,'34a463c346d42f184c2caaeb6ca6fb77','PRODUCT_OTA_PUBLIC_KEYS','ota.x509.pem',1),(412,'4eece723d96eab553d8cf231c3c90faf','device','1',1),(413,'4eece723d96eab553d8cf231c3c90faf','type','1',1),(414,'4eece723d96eab553d8cf231c3c90faf','product','6',1),(415,'4eece723d96eab553d8cf231c3c90faf','variant','2',1),(416,'4eece723d96eab553d8cf231c3c90faf','region','7',1),(417,'4eece723d96eab553d8cf231c3c90faf','logo','17',1),(418,'4eece723d96eab553d8cf231c3c90faf','ANDROID_DISPLAY_VERSION','C8660CA_Claro_CA_3.0 ',1),(419,'4eece723d96eab553d8cf231c3c90faf','PRODUCT_OTA_PUBLIC_KEYS','ota.x509.pem',1),(420,'b7dd57a68de9c80d371bf4c9c25be348','device','1',1),(421,'b7dd57a68de9c80d371bf4c9c25be348','type','2',1),(422,'b7dd57a68de9c80d371bf4c9c25be348','product','1',1),(423,'b7dd57a68de9c80d371bf4c9c25be348','variant','3',1),(424,'b7dd57a68de9c80d371bf4c9c25be348','region','1',1),(425,'b7dd57a68de9c80d371bf4c9c25be348','logo','1',1),(426,'b7dd57a68de9c80d371bf4c9c25be348','ANDROID_DISPLAY_VERSION','C8660CA_Claro_CA_3.0 ',1),(427,'b7dd57a68de9c80d371bf4c9c25be348','PRODUCT_OTA_PUBLIC_KEYS','ota.x509.pem',1),(428,'6547ef36d0b31300f1f0961fc50b9dff','device','1',1),(429,'6547ef36d0b31300f1f0961fc50b9dff','type','2',1),(430,'6547ef36d0b31300f1f0961fc50b9dff','product','1',1),(431,'6547ef36d0b31300f1f0961fc50b9dff','variant','3',1),(432,'6547ef36d0b31300f1f0961fc50b9dff','region','1',1),(433,'6547ef36d0b31300f1f0961fc50b9dff','logo','1',1),(434,'6547ef36d0b31300f1f0961fc50b9dff','ANDROID_DISPLAY_VERSION','C8660CA_Claro_CA_3.0 ',1),(435,'6547ef36d0b31300f1f0961fc50b9dff','PRODUCT_OTA_PUBLIC_KEYS','ota.x509.pem',1),(436,'36b3a11ae9ba808a4477176fc5d54439','device','1',1),(437,'36b3a11ae9ba808a4477176fc5d54439','type','2',1),(438,'36b3a11ae9ba808a4477176fc5d54439','product','1',1),(439,'36b3a11ae9ba808a4477176fc5d54439','variant','3',1),(440,'36b3a11ae9ba808a4477176fc5d54439','region','1',1),(441,'36b3a11ae9ba808a4477176fc5d54439','logo','1',1),(442,'36b3a11ae9ba808a4477176fc5d54439','ANDROID_DISPLAY_VERSION','C8660CA_Claro_CA_3.0 ',1),(443,'36b3a11ae9ba808a4477176fc5d54439','PRODUCT_OTA_PUBLIC_KEYS','ota.x509.pem',1),(444,'17ac6d79ceb985c4fa461032d72c37a8','device','1',1),(445,'17ac6d79ceb985c4fa461032d72c37a8','type','2',1),(446,'17ac6d79ceb985c4fa461032d72c37a8','product','1',1),(447,'17ac6d79ceb985c4fa461032d72c37a8','variant','3',1),(448,'17ac6d79ceb985c4fa461032d72c37a8','region','1',1),(449,'17ac6d79ceb985c4fa461032d72c37a8','logo','1',1),(450,'17ac6d79ceb985c4fa461032d72c37a8','ANDROID_DISPLAY_VERSION','C8660CA_Claro_CA_3.0 ',1),(451,'17ac6d79ceb985c4fa461032d72c37a8','PRODUCT_OTA_PUBLIC_KEYS','ota.x509.pem',1),(452,'6946f4db4cab67675a70e7c28fde45a5','device','1',1),(453,'6946f4db4cab67675a70e7c28fde45a5','type','2',1),(454,'6946f4db4cab67675a70e7c28fde45a5','product','1',1),(455,'6946f4db4cab67675a70e7c28fde45a5','variant','3',1),(456,'6946f4db4cab67675a70e7c28fde45a5','region','1',1),(457,'6946f4db4cab67675a70e7c28fde45a5','logo','1',1),(458,'6946f4db4cab67675a70e7c28fde45a5','ANDROID_DISPLAY_VERSION','C8660CA_Claro_CA_3.0 ',1),(459,'6946f4db4cab67675a70e7c28fde45a5','PRODUCT_OTA_PUBLIC_KEYS','ota.x509.pem',1),(460,'fcea56055fd7533af10e070b8f833495','device','1',1),(461,'fcea56055fd7533af10e070b8f833495','type','2',1),(462,'fcea56055fd7533af10e070b8f833495','product','1',1),(463,'fcea56055fd7533af10e070b8f833495','variant','3',1),(464,'fcea56055fd7533af10e070b8f833495','region','1',1),(465,'fcea56055fd7533af10e070b8f833495','logo','1',1),(466,'fcea56055fd7533af10e070b8f833495','ANDROID_DISPLAY_VERSION','C8660CA_Claro_CA_3.0 ',1),(467,'fcea56055fd7533af10e070b8f833495','PRODUCT_OTA_PUBLIC_KEYS','ota.x509.pem',1),(468,'7ca4c7ce157164086602cc77db44879e','device','1',1),(469,'7ca4c7ce157164086602cc77db44879e','type','2',1),(470,'7ca4c7ce157164086602cc77db44879e','product','1',1),(471,'7ca4c7ce157164086602cc77db44879e','variant','3',1),(472,'7ca4c7ce157164086602cc77db44879e','region','11',1),(473,'7ca4c7ce157164086602cc77db44879e','logo','1',1),(474,'7ca4c7ce157164086602cc77db44879e','ANDROID_DISPLAY_VERSION','C8660CA_Claro_CA_3.0 ',1),(475,'7ca4c7ce157164086602cc77db44879e','PRODUCT_OTA_PUBLIC_KEYS','ota.x509.pem',1),(476,'7d61c593ef78e5bf299973833d4a0b6d','device','1',1),(477,'7d61c593ef78e5bf299973833d4a0b6d','type','2',1),(478,'7d61c593ef78e5bf299973833d4a0b6d','product','1',1),(479,'7d61c593ef78e5bf299973833d4a0b6d','variant','3',1),(480,'7d61c593ef78e5bf299973833d4a0b6d','region','1',1),(481,'7d61c593ef78e5bf299973833d4a0b6d','logo','1',1),(482,'7d61c593ef78e5bf299973833d4a0b6d','ANDROID_DISPLAY_VERSION','C8660CA_Claro_CA_3.0 ',1),(483,'7d61c593ef78e5bf299973833d4a0b6d','PRODUCT_OTA_PUBLIC_KEYS','ota.x509.pem',1),(484,'3800c2dbea83623758d0dcba4bc0f717','device','1',1),(485,'3800c2dbea83623758d0dcba4bc0f717','type','2',1),(486,'3800c2dbea83623758d0dcba4bc0f717','product','1',1),(487,'3800c2dbea83623758d0dcba4bc0f717','variant','3',1),(488,'3800c2dbea83623758d0dcba4bc0f717','region','1',1),(489,'3800c2dbea83623758d0dcba4bc0f717','logo','1',1),(490,'3800c2dbea83623758d0dcba4bc0f717','ANDROID_DISPLAY_VERSION','C8660CA_Claro_CA_3.0 ',1),(491,'3800c2dbea83623758d0dcba4bc0f717','PRODUCT_OTA_PUBLIC_KEYS','ota.x509.pem',1),(492,'c635e556d26048c6190d3c440373eff9','device','1',1),(493,'c635e556d26048c6190d3c440373eff9','type','2',1),(494,'c635e556d26048c6190d3c440373eff9','product','1',1),(495,'c635e556d26048c6190d3c440373eff9','variant','3',1),(496,'c635e556d26048c6190d3c440373eff9','region','1',1),(497,'c635e556d26048c6190d3c440373eff9','logo','1',1),(498,'c635e556d26048c6190d3c440373eff9','ANDROID_DISPLAY_VERSION','C8660CA_Claro_CA_3.0 ',1),(499,'c635e556d26048c6190d3c440373eff9','PRODUCT_OTA_PUBLIC_KEYS','ota.x509.pem',1),(500,'427b263417a44519795e86af52d2955e','device','1',1),(501,'427b263417a44519795e86af52d2955e','type','2',1),(502,'427b263417a44519795e86af52d2955e','product','1',1),(503,'427b263417a44519795e86af52d2955e','variant','3',1),(504,'427b263417a44519795e86af52d2955e','region','1',1),(505,'427b263417a44519795e86af52d2955e','logo','1',1),(506,'427b263417a44519795e86af52d2955e','ANDROID_DISPLAY_VERSION','C8660CA_Claro_CA_3.0 ',1),(507,'427b263417a44519795e86af52d2955e','PRODUCT_OTA_PUBLIC_KEYS','ota.x509.pem',1),(508,'86cea4c3ca0c49aebea172344c804e0a','device','1',1),(509,'86cea4c3ca0c49aebea172344c804e0a','type','2',1),(510,'86cea4c3ca0c49aebea172344c804e0a','product','1',1),(511,'86cea4c3ca0c49aebea172344c804e0a','variant','2',1),(512,'86cea4c3ca0c49aebea172344c804e0a','region','1',1),(513,'86cea4c3ca0c49aebea172344c804e0a','logo','1',1),(514,'86cea4c3ca0c49aebea172344c804e0a','ANDROID_DISPLAY_VERSION','C8660CA_Claro_CA_3.0 ',1),(515,'86cea4c3ca0c49aebea172344c804e0a','PRODUCT_OTA_PUBLIC_KEYS','ota.x509.pem',1),(516,'df59edd1712e17a9866dffd59fc364e1','device','1',1),(517,'df59edd1712e17a9866dffd59fc364e1','type','2',1),(518,'df59edd1712e17a9866dffd59fc364e1','product','1',1),(519,'df59edd1712e17a9866dffd59fc364e1','variant','3',1),(520,'df59edd1712e17a9866dffd59fc364e1','region','10',1),(521,'df59edd1712e17a9866dffd59fc364e1','logo','19',1),(522,'df59edd1712e17a9866dffd59fc364e1','ANDROID_DISPLAY_VERSION','C8660CA_Claro_CA_3.0 ',1),(523,'df59edd1712e17a9866dffd59fc364e1','PRODUCT_OTA_PUBLIC_KEYS','ota.x509.pem',1),(524,'48c12a8c66c6e2f0850e92793f7d46a2','device','1',1),(525,'48c12a8c66c6e2f0850e92793f7d46a2','type','2',1),(526,'48c12a8c66c6e2f0850e92793f7d46a2','product','1',1),(527,'48c12a8c66c6e2f0850e92793f7d46a2','variant','3',1),(528,'48c12a8c66c6e2f0850e92793f7d46a2','region','1',1),(529,'48c12a8c66c6e2f0850e92793f7d46a2','logo','1',1),(530,'48c12a8c66c6e2f0850e92793f7d46a2','ANDROID_DISPLAY_VERSION','C8660CA_Claro_CA_3.0 ',1),(531,'48c12a8c66c6e2f0850e92793f7d46a2','PRODUCT_OTA_PUBLIC_KEYS','ota.x509.pem',1),(532,'82f80f713d04754a4f4788c339a2cb86','device','1',1),(533,'82f80f713d04754a4f4788c339a2cb86','type','2',1),(534,'82f80f713d04754a4f4788c339a2cb86','product','1',1),(535,'82f80f713d04754a4f4788c339a2cb86','variant','3',1),(536,'82f80f713d04754a4f4788c339a2cb86','region','1',1),(537,'82f80f713d04754a4f4788c339a2cb86','logo','1',1),(538,'82f80f713d04754a4f4788c339a2cb86','ANDROID_DISPLAY_VERSION','C8660CA_Claro_CA_3.0 ',1),(539,'82f80f713d04754a4f4788c339a2cb86','PRODUCT_OTA_PUBLIC_KEYS','ota.x509.pem',1),(540,'438754599af0ceb1ec6027df0d7fe1b9','device','1',1),(541,'438754599af0ceb1ec6027df0d7fe1b9','type','2',1),(542,'438754599af0ceb1ec6027df0d7fe1b9','product','1',1),(543,'438754599af0ceb1ec6027df0d7fe1b9','variant','3',1),(544,'438754599af0ceb1ec6027df0d7fe1b9','region','1',1),(545,'438754599af0ceb1ec6027df0d7fe1b9','logo','5',1),(546,'438754599af0ceb1ec6027df0d7fe1b9','ANDROID_DISPLAY_VERSION','C8660CA_Claro_CA_3.0 ',1),(547,'438754599af0ceb1ec6027df0d7fe1b9','PRODUCT_OTA_PUBLIC_KEYS','ota.x509.pem',1),(548,'afc8e93d9a49d5339d0e8dba064d103c','type','2',2),(549,'afc8e93d9a49d5339d0e8dba064d103c','product','1',2),(550,'afc8e93d9a49d5339d0e8dba064d103c','variant','3',2),(551,'afc8e93d9a49d5339d0e8dba064d103c','sw_version','xx.xx',2),(552,'5cfadb9b474ea11c5f5c35bb508edfe6','type','2',2),(553,'5cfadb9b474ea11c5f5c35bb508edfe6','product','1',2),(554,'5cfadb9b474ea11c5f5c35bb508edfe6','variant','3',2),(555,'5cfadb9b474ea11c5f5c35bb508edfe6','sw_version','xx.xx',2),(556,'16379ec7bf833b6aad9f45176d606d44','type','2',2),(557,'16379ec7bf833b6aad9f45176d606d44','product','1',2),(558,'16379ec7bf833b6aad9f45176d606d44','variant','3',2),(559,'16379ec7bf833b6aad9f45176d606d44','sw_version','xx.xx',2),(560,'ee5e3acd4f93d0da51b6ac6bcfd1ca43','type','2',2),(561,'ee5e3acd4f93d0da51b6ac6bcfd1ca43','product','1',2),(562,'ee5e3acd4f93d0da51b6ac6bcfd1ca43','variant','3',2),(563,'ee5e3acd4f93d0da51b6ac6bcfd1ca43','sw_version','xx.xx',2),(564,'d56cd0cbda7c6387a9ee3ed127943352','type','2',2),(565,'d56cd0cbda7c6387a9ee3ed127943352','product','1',2),(566,'d56cd0cbda7c6387a9ee3ed127943352','variant','3',2),(567,'d56cd0cbda7c6387a9ee3ed127943352','sw_version','xx.xx',2),(568,'4500696a0c955659dc5ba8359362cf57','type','2',2),(569,'4500696a0c955659dc5ba8359362cf57','product','1',2),(570,'4500696a0c955659dc5ba8359362cf57','variant','3',2),(571,'4500696a0c955659dc5ba8359362cf57','sw_version','xx.xx',2),(572,'8449ca2d4ff9e49312c77d14119c52ae','type','2',2),(573,'8449ca2d4ff9e49312c77d14119c52ae','product','1',2),(574,'8449ca2d4ff9e49312c77d14119c52ae','variant','3',2),(575,'8449ca2d4ff9e49312c77d14119c52ae','sw_version','xx.xx',2),(576,'d285b0ce163753dd6718655abaf92d4e','device','1',1),(577,'d285b0ce163753dd6718655abaf92d4e','type','2',1),(578,'d285b0ce163753dd6718655abaf92d4e','product','1',1),(579,'d285b0ce163753dd6718655abaf92d4e','variant','3',1),(580,'d285b0ce163753dd6718655abaf92d4e','region','1',1),(581,'d285b0ce163753dd6718655abaf92d4e','logo','1',1),(582,'d285b0ce163753dd6718655abaf92d4e','ANDROID_DISPLAY_VERSION','C8660CA_Claro_CA_3.0 ',1),(583,'d285b0ce163753dd6718655abaf92d4e','PRODUCT_OTA_PUBLIC_KEYS','ota.x509.pem',1),(584,'07922bd7af691c38ec071f188852eb49','type','2',2),(585,'07922bd7af691c38ec071f188852eb49','product','1',2),(586,'07922bd7af691c38ec071f188852eb49','variant','3',2),(587,'07922bd7af691c38ec071f188852eb49','sw_version','xx.xx',2),(588,'9eec6465f29e38b39575e5999f25f76f','device','1',1),(589,'9eec6465f29e38b39575e5999f25f76f','type','2',1),(590,'9eec6465f29e38b39575e5999f25f76f','product','1',1),(591,'9eec6465f29e38b39575e5999f25f76f','variant','3',1),(592,'9eec6465f29e38b39575e5999f25f76f','region','1',1),(593,'9eec6465f29e38b39575e5999f25f76f','logo','1',1),(594,'9eec6465f29e38b39575e5999f25f76f','ANDROID_DISPLAY_VERSION','C8660CA_Claro_CA_3.0 ',1),(595,'9eec6465f29e38b39575e5999f25f76f','PRODUCT_OTA_PUBLIC_KEYS','ota.x509.pem',1),(596,'aa2c12a04a295bd60abb17347a645992','device','1',1),(597,'aa2c12a04a295bd60abb17347a645992','type','2',1),(598,'aa2c12a04a295bd60abb17347a645992','product','1',1),(599,'aa2c12a04a295bd60abb17347a645992','variant','3',1),(600,'aa2c12a04a295bd60abb17347a645992','region','1',1),(601,'aa2c12a04a295bd60abb17347a645992','logo','1',1),(602,'aa2c12a04a295bd60abb17347a645992','ANDROID_DISPLAY_VERSION','C8660CA_Claro_CA_3.0 ',1),(603,'aa2c12a04a295bd60abb17347a645992','PRODUCT_OTA_PUBLIC_KEYS','ota.x509.pem',1),(604,'714cebfa632c62aac4b8c29ac97a2a0c','device','1',1),(605,'714cebfa632c62aac4b8c29ac97a2a0c','type','2',1),(606,'714cebfa632c62aac4b8c29ac97a2a0c','product','1',1),(607,'714cebfa632c62aac4b8c29ac97a2a0c','variant','3',1),(608,'714cebfa632c62aac4b8c29ac97a2a0c','region','1',1),(609,'714cebfa632c62aac4b8c29ac97a2a0c','logo','1',1),(610,'714cebfa632c62aac4b8c29ac97a2a0c','ANDROID_DISPLAY_VERSION','C8660CA_Claro_CA_3.0 ',1),(611,'714cebfa632c62aac4b8c29ac97a2a0c','PRODUCT_OTA_PUBLIC_KEYS','ota.x509.pem',1),(612,'b50e357035ddbc5c76a9795a5b19b2ca','device','1',1),(613,'b50e357035ddbc5c76a9795a5b19b2ca','type','2',1),(614,'b50e357035ddbc5c76a9795a5b19b2ca','product','1',1),(615,'b50e357035ddbc5c76a9795a5b19b2ca','variant','3',1),(616,'b50e357035ddbc5c76a9795a5b19b2ca','region','1',1),(617,'b50e357035ddbc5c76a9795a5b19b2ca','logo','1',1),(618,'b50e357035ddbc5c76a9795a5b19b2ca','ANDROID_DISPLAY_VERSION','C8660CA_Claro_CA_3.0 ',1),(619,'b50e357035ddbc5c76a9795a5b19b2ca','PRODUCT_OTA_PUBLIC_KEYS','ota.x509.pem',1),(620,'8c5519b993309deca5ac92a4a20b3ae1','device','1',1),(621,'8c5519b993309deca5ac92a4a20b3ae1','type','2',1),(622,'8c5519b993309deca5ac92a4a20b3ae1','product','1',1),(623,'8c5519b993309deca5ac92a4a20b3ae1','variant','3',1),(624,'8c5519b993309deca5ac92a4a20b3ae1','region','1',1),(625,'8c5519b993309deca5ac92a4a20b3ae1','logo','1',1),(626,'8c5519b993309deca5ac92a4a20b3ae1','ANDROID_DISPLAY_VERSION','C8660CA_Claro_CA_3.0 ',1),(627,'8c5519b993309deca5ac92a4a20b3ae1','PRODUCT_OTA_PUBLIC_KEYS','ota.x509.pem',1),(628,'41b630d7b71689cb3dacf7b9dac7a4bf','device','1',1),(629,'41b630d7b71689cb3dacf7b9dac7a4bf','type','2',1),(630,'41b630d7b71689cb3dacf7b9dac7a4bf','product','1',1),(631,'41b630d7b71689cb3dacf7b9dac7a4bf','variant','3',1),(632,'41b630d7b71689cb3dacf7b9dac7a4bf','region','1',1),(633,'41b630d7b71689cb3dacf7b9dac7a4bf','logo','1',1),(634,'41b630d7b71689cb3dacf7b9dac7a4bf','ANDROID_DISPLAY_VERSION','C8660CA_Claro_CA_3.0 ',1),(635,'41b630d7b71689cb3dacf7b9dac7a4bf','PRODUCT_OTA_PUBLIC_KEYS','ota.x509.pem',1),(636,'cdc994106f23944d00ab6883ae2a3e2d','device','1',1),(637,'cdc994106f23944d00ab6883ae2a3e2d','type','2',1),(638,'cdc994106f23944d00ab6883ae2a3e2d','product','1',1),(639,'cdc994106f23944d00ab6883ae2a3e2d','variant','3',1),(640,'cdc994106f23944d00ab6883ae2a3e2d','region','1',1),(641,'cdc994106f23944d00ab6883ae2a3e2d','logo','1',1),(642,'cdc994106f23944d00ab6883ae2a3e2d','ANDROID_DISPLAY_VERSION','C8660CA_Claro_CA_3.0 ',1),(643,'cdc994106f23944d00ab6883ae2a3e2d','PRODUCT_OTA_PUBLIC_KEYS','ota.x509.pem',1),(644,'41ff748e7efb28960ddf133973479a3e','device','1',1),(645,'41ff748e7efb28960ddf133973479a3e','type','2',1),(646,'41ff748e7efb28960ddf133973479a3e','product','1',1),(647,'41ff748e7efb28960ddf133973479a3e','variant','3',1),(648,'41ff748e7efb28960ddf133973479a3e','region','1',1),(649,'41ff748e7efb28960ddf133973479a3e','logo','1',1),(650,'41ff748e7efb28960ddf133973479a3e','ANDROID_DISPLAY_VERSION','C8660CA_Claro_CA_3.0 ',1),(651,'41ff748e7efb28960ddf133973479a3e','PRODUCT_OTA_PUBLIC_KEYS','ota.x509.pem',1),(652,'7a5bec097721df9338cbe24e55beddac','device','1',1),(653,'7a5bec097721df9338cbe24e55beddac','type','2',1),(654,'7a5bec097721df9338cbe24e55beddac','product','1',1),(655,'7a5bec097721df9338cbe24e55beddac','variant','3',1),(656,'7a5bec097721df9338cbe24e55beddac','region','1',1),(657,'7a5bec097721df9338cbe24e55beddac','logo','1',1),(658,'7a5bec097721df9338cbe24e55beddac','ANDROID_DISPLAY_VERSION','C8660CA_Claro_CA_3.0 ',1),(659,'7a5bec097721df9338cbe24e55beddac','PRODUCT_OTA_PUBLIC_KEYS','ota.x509.pem',1),(660,'586a7a5658956e030bb3c6afa504d68e','device','1',1),(661,'586a7a5658956e030bb3c6afa504d68e','type','2',1),(662,'586a7a5658956e030bb3c6afa504d68e','product','1',1),(663,'586a7a5658956e030bb3c6afa504d68e','variant','3',1),(664,'586a7a5658956e030bb3c6afa504d68e','region','1',1),(665,'586a7a5658956e030bb3c6afa504d68e','logo','1',1),(666,'586a7a5658956e030bb3c6afa504d68e','ANDROID_DISPLAY_VERSION','C8660CA_Claro_CA_3.0 ',1),(667,'586a7a5658956e030bb3c6afa504d68e','PRODUCT_OTA_PUBLIC_KEYS','ota.x509.pem',1),(668,'95e54654f162d81a7a8df907bfec5240','device','1',1),(669,'95e54654f162d81a7a8df907bfec5240','type','2',1),(670,'95e54654f162d81a7a8df907bfec5240','product','1',1),(671,'95e54654f162d81a7a8df907bfec5240','variant','3',1),(672,'95e54654f162d81a7a8df907bfec5240','region','1',1),(673,'95e54654f162d81a7a8df907bfec5240','logo','1',1),(674,'95e54654f162d81a7a8df907bfec5240','ANDROID_DISPLAY_VERSION','C8660CA_Claro_CA_3.0 ',1),(675,'95e54654f162d81a7a8df907bfec5240','PRODUCT_OTA_PUBLIC_KEYS','ota.x509.pem',1),(676,'995f3fdcc6292faaa90a58cd2acf0528','device','1',1),(677,'995f3fdcc6292faaa90a58cd2acf0528','type','2',1),(678,'995f3fdcc6292faaa90a58cd2acf0528','product','1',1),(679,'995f3fdcc6292faaa90a58cd2acf0528','variant','3',1),(680,'995f3fdcc6292faaa90a58cd2acf0528','region','1',1),(681,'995f3fdcc6292faaa90a58cd2acf0528','logo','1',1),(682,'995f3fdcc6292faaa90a58cd2acf0528','ANDROID_DISPLAY_VERSION','C8660CA_Claro_CA_3.0 ',1),(683,'995f3fdcc6292faaa90a58cd2acf0528','PRODUCT_OTA_PUBLIC_KEYS','ota.x509.pem',1),(684,'cbb187fe345307c499b7fd2b3d1b65a1','device','1',1),(685,'cbb187fe345307c499b7fd2b3d1b65a1','type','2',1),(686,'cbb187fe345307c499b7fd2b3d1b65a1','product','1',1),(687,'cbb187fe345307c499b7fd2b3d1b65a1','variant','3',1),(688,'cbb187fe345307c499b7fd2b3d1b65a1','region','1',1),(689,'cbb187fe345307c499b7fd2b3d1b65a1','logo','1',1),(690,'cbb187fe345307c499b7fd2b3d1b65a1','ANDROID_DISPLAY_VERSION','C8660CA_Claro_CA_3.0 ',1),(691,'cbb187fe345307c499b7fd2b3d1b65a1','PRODUCT_OTA_PUBLIC_KEYS','ota.x509.pem',1),(692,'e51eccbc0a8610c34b4c09c62e2013af','device','1',1),(693,'e51eccbc0a8610c34b4c09c62e2013af','type','2',1),(694,'e51eccbc0a8610c34b4c09c62e2013af','product','1',1),(695,'e51eccbc0a8610c34b4c09c62e2013af','variant','3',1),(696,'e51eccbc0a8610c34b4c09c62e2013af','region','1',1),(697,'e51eccbc0a8610c34b4c09c62e2013af','logo','1',1),(698,'e51eccbc0a8610c34b4c09c62e2013af','ANDROID_DISPLAY_VERSION','C8660CA_Claro_CA_3.0 ',1),(699,'e51eccbc0a8610c34b4c09c62e2013af','PRODUCT_OTA_PUBLIC_KEYS','ota.x509.pem',1),(700,'2060e327985dca65f365a7e9454ae580','device','1',1),(701,'2060e327985dca65f365a7e9454ae580','type','2',1),(702,'2060e327985dca65f365a7e9454ae580','product','1',1),(703,'2060e327985dca65f365a7e9454ae580','variant','3',1),(704,'2060e327985dca65f365a7e9454ae580','region','1',1),(705,'2060e327985dca65f365a7e9454ae580','logo','1',1),(706,'2060e327985dca65f365a7e9454ae580','ANDROID_DISPLAY_VERSION','C8660CA_Claro_CA_3.0 ',1),(707,'2060e327985dca65f365a7e9454ae580','PRODUCT_OTA_PUBLIC_KEYS','ota.x509.pem',1),(708,'290f1183a26412ca69aa54b70bbcfb02','device','1',1),(709,'290f1183a26412ca69aa54b70bbcfb02','type','2',1),(710,'290f1183a26412ca69aa54b70bbcfb02','product','1',1),(711,'290f1183a26412ca69aa54b70bbcfb02','variant','3',1),(712,'290f1183a26412ca69aa54b70bbcfb02','region','1',1),(713,'290f1183a26412ca69aa54b70bbcfb02','logo','1',1),(714,'290f1183a26412ca69aa54b70bbcfb02','ANDROID_DISPLAY_VERSION','C8660CA_Claro_CA_3.0 ',1),(715,'290f1183a26412ca69aa54b70bbcfb02','PRODUCT_OTA_PUBLIC_KEYS','ota.x509.pem',1),(716,'f652a7f49a8e5a11ab73a3b71db77d54','type','2',2),(717,'f652a7f49a8e5a11ab73a3b71db77d54','product','1',2),(718,'f652a7f49a8e5a11ab73a3b71db77d54','variant','3',2),(719,'f652a7f49a8e5a11ab73a3b71db77d54','sw_version','xx.xx',2),(720,'45d3093a824c5c6b3d7b91196e4a030d','device','1',1),(721,'45d3093a824c5c6b3d7b91196e4a030d','type','2',1),(722,'45d3093a824c5c6b3d7b91196e4a030d','product','1',1),(723,'45d3093a824c5c6b3d7b91196e4a030d','variant','3',1),(724,'45d3093a824c5c6b3d7b91196e4a030d','region','1',1),(725,'45d3093a824c5c6b3d7b91196e4a030d','logo','1',1),(726,'45d3093a824c5c6b3d7b91196e4a030d','ANDROID_DISPLAY_VERSION','C8660CA_Claro_CA_3.0 ',1),(727,'45d3093a824c5c6b3d7b91196e4a030d','PRODUCT_OTA_PUBLIC_KEYS','ota.x509.pem',1),(728,'9780b18c59719f0af866b4abebce84f5','device','1',1),(729,'9780b18c59719f0af866b4abebce84f5','type','2',1),(730,'9780b18c59719f0af866b4abebce84f5','product','1',1),(731,'9780b18c59719f0af866b4abebce84f5','variant','3',1),(732,'9780b18c59719f0af866b4abebce84f5','region','1',1),(733,'9780b18c59719f0af866b4abebce84f5','logo','1',1),(734,'9780b18c59719f0af866b4abebce84f5','ANDROID_DISPLAY_VERSION','C8660CA_Claro_CA_3.0 ',1),(735,'9780b18c59719f0af866b4abebce84f5','PRODUCT_OTA_PUBLIC_KEYS','ota.x509.pem',1),(736,'f6728a23b6da783efe7958d455f51e64','type','1',2),(737,'f6728a23b6da783efe7958d455f51e64','product','13',2),(738,'f6728a23b6da783efe7958d455f51e64','variant','1',2),(739,'f6728a23b6da783efe7958d455f51e64','sw_version','00.2A',2),(740,'7bc6ccb54ecfa436e210fb2c196cd574','type','1',2),(741,'7bc6ccb54ecfa436e210fb2c196cd574','product','13',2),(742,'7bc6ccb54ecfa436e210fb2c196cd574','variant','1',2),(743,'7bc6ccb54ecfa436e210fb2c196cd574','sw_version','00.2A',2),(744,'dbb78556b30032f276f9aee6d4a81a8e','type','1',2),(745,'dbb78556b30032f276f9aee6d4a81a8e','product','13',2),(746,'dbb78556b30032f276f9aee6d4a81a8e','variant','1',2),(747,'dbb78556b30032f276f9aee6d4a81a8e','sw_version','00.2A',2),(748,'7cec5920d716493f46a0cec7fdae415c','product','12',4),(749,'7cec5920d716493f46a0cec7fdae415c','sw_version','00.1A',4),(750,'ec6557329b30d69650125211c7eb30ec','type','1',2),(751,'ec6557329b30d69650125211c7eb30ec','product','13',2),(752,'ec6557329b30d69650125211c7eb30ec','variant','1',2),(753,'ec6557329b30d69650125211c7eb30ec','flex','Cellon',2),(754,'ec6557329b30d69650125211c7eb30ec','sw_version','00.2A',2),(755,'5d23ce2fe877d6bd7c3c0f20606fa471','type','1',2),(756,'5d23ce2fe877d6bd7c3c0f20606fa471','product','22',2),(757,'5d23ce2fe877d6bd7c3c0f20606fa471','variant','1',2),(758,'5d23ce2fe877d6bd7c3c0f20606fa471','flex','QM',2),(759,'5d23ce2fe877d6bd7c3c0f20606fa471','sw_version','00.A0',2),(760,'b06d2829f2d47a11a9010f885f821ad6','product','12',4),(761,'b06d2829f2d47a11a9010f885f821ad6','sw_version','xx.xx',4),(762,'7ae46592201541db827a090e8d0443c5','product','9',4),(763,'7ae46592201541db827a090e8d0443c5','sw_version','xx.xx',4),(764,'3cc4081e96d29ab0958aa1eaf0830ec6','product','7',4),(765,'3cc4081e96d29ab0958aa1eaf0830ec6','sw_version','xx.xx',4),(766,'f1525ae666bb445a43c582b2bbd6498a','product','16',4),(767,'f1525ae666bb445a43c582b2bbd6498a','sw_version','xx.xx',4),(768,'b22256d2670669b9cecee6728b1150da','product','15',4),(769,'b22256d2670669b9cecee6728b1150da','sw_version','xx.xx',4),(770,'d16d374a3fac90e82bd6be1d47131191','product','9',4),(771,'d16d374a3fac90e82bd6be1d47131191','sw_version','xx.xx',4),(772,'79f57b144221074d461d264995892fe3','type','2',2),(773,'79f57b144221074d461d264995892fe3','product','1',2),(774,'79f57b144221074d461d264995892fe3','variant','3',2),(775,'79f57b144221074d461d264995892fe3','sw_version','xx.xx',2),(776,'5b0bec3e0d2b7cd623a50dcc5113be14','type','1',10),(777,'5b0bec3e0d2b7cd623a50dcc5113be14','product','13',10),(778,'5b0bec3e0d2b7cd623a50dcc5113be14','variant','1',10),(779,'5b0bec3e0d2b7cd623a50dcc5113be14','sw_version','00.2A',10),(780,'4395b0def7066a511af24a5606d9db7e','type','1',2),(781,'4395b0def7066a511af24a5606d9db7e','product','28',2),(782,'4395b0def7066a511af24a5606d9db7e','variant','2',2),(783,'4395b0def7066a511af24a5606d9db7e','sw_version','xx.xx',2),(784,'bf7b46502cabfb7d9e8dc726960a16e7','type','1',2),(785,'bf7b46502cabfb7d9e8dc726960a16e7','product','28',2),(786,'bf7b46502cabfb7d9e8dc726960a16e7','variant','2',2),(787,'bf7b46502cabfb7d9e8dc726960a16e7','sw_version','aa.aa',2),(788,'a1b9d1a7706dce0ee4014526160b70e5','type','1',9),(789,'a1b9d1a7706dce0ee4014526160b70e5','product','13',9),(790,'a1b9d1a7706dce0ee4014526160b70e5','variant','1',9),(791,'a1b9d1a7706dce0ee4014526160b70e5','sw_version','aa.aa',9),(792,'9af69013dd2a5dabb9dfba191113eb80','type','1',10),(793,'9af69013dd2a5dabb9dfba191113eb80','product','2',10),(794,'9af69013dd2a5dabb9dfba191113eb80','variant','1',10),(795,'9af69013dd2a5dabb9dfba191113eb80','sw_version','aa.aa',10),(796,'6cd00da051b7fd2ea8a589b6eb84f5d5','type','1',11),(797,'6cd00da051b7fd2ea8a589b6eb84f5d5','product','22',11),(798,'6cd00da051b7fd2ea8a589b6eb84f5d5','variant','1',11),(799,'6cd00da051b7fd2ea8a589b6eb84f5d5','sw_version','aa.aa',11),(800,'b64fecb5f5a8d270052f575bd3c5676a','type','1',12),(801,'b64fecb5f5a8d270052f575bd3c5676a','product','2',12),(802,'b64fecb5f5a8d270052f575bd3c5676a','variant','1',12),(803,'b64fecb5f5a8d270052f575bd3c5676a','sw_version','aa.aa',12),(804,'95669b68e985a73dee8ff00c6a593d9a','type','1',2),(805,'95669b68e985a73dee8ff00c6a593d9a','product','28',2),(806,'95669b68e985a73dee8ff00c6a593d9a','variant','2',2),(807,'95669b68e985a73dee8ff00c6a593d9a','sw_version','aa.aa',2),(808,'fc719695cc1516d015bbf2041f1f39b6','type','1',12),(809,'fc719695cc1516d015bbf2041f1f39b6','product','2',12),(810,'fc719695cc1516d015bbf2041f1f39b6','variant','1',12),(811,'fc719695cc1516d015bbf2041f1f39b6','sw_version','aa.aa',12),(812,'07565fdcd5b1cc68cb60f6c71b2313e1','type','2',12),(813,'07565fdcd5b1cc68cb60f6c71b2313e1','product','13',12),(814,'07565fdcd5b1cc68cb60f6c71b2313e1','variant','2',12),(815,'07565fdcd5b1cc68cb60f6c71b2313e1','sw_version','00.2A',12),(816,'bfc4ec5a1efbc7ed2d66cfe5f989458e','type','2',12),(817,'bfc4ec5a1efbc7ed2d66cfe5f989458e','product','13',12),(818,'bfc4ec5a1efbc7ed2d66cfe5f989458e','variant','2',12),(819,'bfc4ec5a1efbc7ed2d66cfe5f989458e','sw_version','00.2A',12),(820,'51337398b521e38d51414cd922af93fa','type','1',11),(821,'51337398b521e38d51414cd922af93fa','product','22',11),(822,'51337398b521e38d51414cd922af93fa','variant','1',11),(823,'51337398b521e38d51414cd922af93fa','sw_version','aa.aa',11),(824,'9c4c68ee91f295f03547f6af70bc1ea0','type','1',11),(825,'9c4c68ee91f295f03547f6af70bc1ea0','product','22',11),(826,'9c4c68ee91f295f03547f6af70bc1ea0','variant','1',11),(827,'9c4c68ee91f295f03547f6af70bc1ea0','sw_version','aa.aa',11),(828,'243f25871cc65f2e34d37b4074da5dab','type','1',12),(829,'243f25871cc65f2e34d37b4074da5dab','product','2',12),(830,'243f25871cc65f2e34d37b4074da5dab','variant','1',12),(831,'243f25871cc65f2e34d37b4074da5dab','sw_version','aa.aa',12),(832,'d7e8f1bba397173641c175da49e9a3e4','type','1',12),(833,'d7e8f1bba397173641c175da49e9a3e4','product','2',12),(834,'d7e8f1bba397173641c175da49e9a3e4','variant','2',12),(835,'d7e8f1bba397173641c175da49e9a3e4','sw_version','aa.aa',12),(836,'09ead7aa5351201b0f2e2063f922544f','type','1',10),(837,'09ead7aa5351201b0f2e2063f922544f','product','2',10),(838,'09ead7aa5351201b0f2e2063f922544f','variant','1',10),(839,'09ead7aa5351201b0f2e2063f922544f','sw_version','aa.aa',10),(840,'48d5158c6e7d5ec810ff89fa4188c5d7','type','1',9),(841,'48d5158c6e7d5ec810ff89fa4188c5d7','product','13',9),(842,'48d5158c6e7d5ec810ff89fa4188c5d7','variant','1',9),(843,'48d5158c6e7d5ec810ff89fa4188c5d7','sw_version','aa.aa',9),(844,'1dcd2a0ae7d2bf1617144fe881c19156','type','1',9),(845,'1dcd2a0ae7d2bf1617144fe881c19156','product','13',9),(846,'1dcd2a0ae7d2bf1617144fe881c19156','variant','1',9),(847,'1dcd2a0ae7d2bf1617144fe881c19156','sw_version','aa.aa',9),(848,'08fb43dfbed6309549d119641f8103fb','type','1',2),(849,'08fb43dfbed6309549d119641f8103fb','product','28',2),(850,'08fb43dfbed6309549d119641f8103fb','variant','1',2),(851,'08fb43dfbed6309549d119641f8103fb','sw_version','aa.aa',2),(852,'d1599a530b82cd3b4fda931b72fe88a6','type','1',2),(853,'d1599a530b82cd3b4fda931b72fe88a6','product','28',2),(854,'d1599a530b82cd3b4fda931b72fe88a6','variant','1',2),(855,'d1599a530b82cd3b4fda931b72fe88a6','sw_version','aa.aa',2),(856,'19cf9151aed6132ca25d06cc831e2983','type','1',2),(857,'19cf9151aed6132ca25d06cc831e2983','product','28',2),(858,'19cf9151aed6132ca25d06cc831e2983','variant','1',2),(859,'19cf9151aed6132ca25d06cc831e2983','sw_version','aa.aa',2),(860,'cbebed6bc098dd446353f16fc9cd0f86','type','1',11),(861,'cbebed6bc098dd446353f16fc9cd0f86','product','13',11),(862,'cbebed6bc098dd446353f16fc9cd0f86','variant','1',11),(863,'cbebed6bc098dd446353f16fc9cd0f86','sw_version','bb.bb',11),(864,'6b3c158e599d7bef12c893e3c767dd5f','type','1',9),(865,'6b3c158e599d7bef12c893e3c767dd5f','product','13',9),(866,'6b3c158e599d7bef12c893e3c767dd5f','variant','1',9),(867,'6b3c158e599d7bef12c893e3c767dd5f','sw_version','cc.cc',9),(868,'62b767c8eefeeb8ce2ca3f3f799eacd2','type','1',12),(869,'62b767c8eefeeb8ce2ca3f3f799eacd2','product','2',12),(870,'62b767c8eefeeb8ce2ca3f3f799eacd2','variant','1',12),(871,'62b767c8eefeeb8ce2ca3f3f799eacd2','sw_version','cc.cc',12),(872,'3f96930d8e5e2c6fc97f6b9a8d90ae22','type','1',11),(873,'3f96930d8e5e2c6fc97f6b9a8d90ae22','product','22',11),(874,'3f96930d8e5e2c6fc97f6b9a8d90ae22','variant','1',11),(875,'3f96930d8e5e2c6fc97f6b9a8d90ae22','sw_version','cc.cc',11),(876,'325e56f864c778e8892af4465d4d6777','type','1',2),(877,'325e56f864c778e8892af4465d4d6777','product','28',2),(878,'325e56f864c778e8892af4465d4d6777','variant','1',2),(879,'325e56f864c778e8892af4465d4d6777','sw_version','cc.cc',2),(880,'0cc7ebbb108a5dc049f6715bfae794c3','type','1',13),(881,'0cc7ebbb108a5dc049f6715bfae794c3','product','2',13),(882,'0cc7ebbb108a5dc049f6715bfae794c3','variant','1',13),(883,'0cc7ebbb108a5dc049f6715bfae794c3','sw_version','AA.AA',13),(884,'77323b300c6b304542ca25f9ca6bd175','type','1',13),(885,'77323b300c6b304542ca25f9ca6bd175','product','2',13),(886,'77323b300c6b304542ca25f9ca6bd175','variant','1',13),(887,'77323b300c6b304542ca25f9ca6bd175','sw_version','AA.AA',13),(888,'5b7bf540f1ec4513f425bf9fd31a89a4','type','1',13),(889,'5b7bf540f1ec4513f425bf9fd31a89a4','product','2',13),(890,'5b7bf540f1ec4513f425bf9fd31a89a4','variant','1',13),(891,'5b7bf540f1ec4513f425bf9fd31a89a4','sw_version','AA.AA',13),(892,'8946ae00b9492a5c00549d2022a89cc7','product','11',3),(893,'8946ae00b9492a5c00549d2022a89cc7','sw_version','00.10',3),(894,'17d5ba3aad8709928d9e480838d003be','product','11',3),(895,'17d5ba3aad8709928d9e480838d003be','sw_version','00.10',3),(896,'93e4ca008d08ba5e050a2f6916950beb','type','1',13),(897,'93e4ca008d08ba5e050a2f6916950beb','product','1',13),(898,'93e4ca008d08ba5e050a2f6916950beb','variant','1',13),(899,'93e4ca008d08ba5e050a2f6916950beb','sw_version','AA.AA',13),(900,'8e9adcba4144b0cc8ef294f73aae67c4','product','11',3),(901,'8e9adcba4144b0cc8ef294f73aae67c4','sw_version','00.10',3),(902,'e9aa127f60f91af51c7fe2dba9a24be9','product','11',3),(903,'e9aa127f60f91af51c7fe2dba9a24be9','sw_version','00.10',3),(904,'902ac4b9dd31f8a4823223afede02c83','type','1',13),(905,'902ac4b9dd31f8a4823223afede02c83','product','2',13),(906,'902ac4b9dd31f8a4823223afede02c83','variant','2',13),(907,'902ac4b9dd31f8a4823223afede02c83','sw_version','AA.AA',13),(908,'2526719cad3cef65d3d815b61c3c3ddb','product','11',3),(909,'2526719cad3cef65d3d815b61c3c3ddb','sw_version','00.10',3),(910,'8e22d3e0256251478e7a1a7596f7f801','product','11',3),(911,'8e22d3e0256251478e7a1a7596f7f801','sw_version','00.10',3),(912,'2584f44c295298d71a9bd5d3724b1a42','type','1',13),(913,'2584f44c295298d71a9bd5d3724b1a42','product','2',13),(914,'2584f44c295298d71a9bd5d3724b1a42','variant','2',13),(915,'2584f44c295298d71a9bd5d3724b1a42','sw_version','AA.AA',13),(916,'e4a1479c15b1918da125b3ab9106511f','type','1',14),(917,'e4a1479c15b1918da125b3ab9106511f','product','1',14),(918,'e4a1479c15b1918da125b3ab9106511f','variant','2',14),(919,'e4a1479c15b1918da125b3ab9106511f','sw_version','BB.BB',14),(920,'3101a3c10f6bf803fa14f5e3bca0e38e','type','1',14),(921,'3101a3c10f6bf803fa14f5e3bca0e38e','product','1',14),(922,'3101a3c10f6bf803fa14f5e3bca0e38e','variant','2',14),(923,'3101a3c10f6bf803fa14f5e3bca0e38e','sw_version','BB.BB',14),(924,'d8abd9ef95371abcdb4535588171dfaa','type','1',14),(925,'d8abd9ef95371abcdb4535588171dfaa','product','1',14),(926,'d8abd9ef95371abcdb4535588171dfaa','variant','2',14),(927,'d8abd9ef95371abcdb4535588171dfaa','sw_version','AA.AA',14),(928,'53a5b1328eb82b9af047e8858298885d','type','1',13),(929,'53a5b1328eb82b9af047e8858298885d','product','2',13),(930,'53a5b1328eb82b9af047e8858298885d','variant','2',13),(931,'53a5b1328eb82b9af047e8858298885d','sw_version','AA.AA',13),(932,'42d715d15aa991c0d434e0ba53fad29b','type','1',13),(933,'42d715d15aa991c0d434e0ba53fad29b','product','2',13),(934,'42d715d15aa991c0d434e0ba53fad29b','variant','2',13),(935,'42d715d15aa991c0d434e0ba53fad29b','sw_version','AA.AA',13),(936,'f8fd044dd721731f4bf25f3c536953f0','type','1',13),(937,'f8fd044dd721731f4bf25f3c536953f0','product','2',13),(938,'f8fd044dd721731f4bf25f3c536953f0','variant','1',13),(939,'f8fd044dd721731f4bf25f3c536953f0','sw_version','AA.AA',13),(940,'c0888da29cc3d228aaa32ad3e4824feb','type','1',2),(941,'c0888da29cc3d228aaa32ad3e4824feb','product','29',2),(942,'c0888da29cc3d228aaa32ad3e4824feb','variant','2',2),(943,'c0888da29cc3d228aaa32ad3e4824feb','sw_version','BB,BB',2),(944,'86a18f448fd8a49c02349bb13a791231','type','1',9),(945,'86a18f448fd8a49c02349bb13a791231','product','14',9),(946,'86a18f448fd8a49c02349bb13a791231','variant','1',9),(947,'86a18f448fd8a49c02349bb13a791231','sw_version','BB.BB',9),(948,'de0f5add4d2332ca26ba253f600164ca','type','1',10),(949,'de0f5add4d2332ca26ba253f600164ca','product','3',10),(950,'de0f5add4d2332ca26ba253f600164ca','variant','1',10),(951,'de0f5add4d2332ca26ba253f600164ca','sw_version','BB.BB',10),(952,'a3b2e311dda19ced1f3097e47457a886','type','1',11),(953,'a3b2e311dda19ced1f3097e47457a886','product','23',11),(954,'a3b2e311dda19ced1f3097e47457a886','variant','1',11),(955,'a3b2e311dda19ced1f3097e47457a886','sw_version','BB.BB',11),(956,'27e2e64df636ff1c341f1546802cbaea','type','1',12),(957,'27e2e64df636ff1c341f1546802cbaea','product','3',12),(958,'27e2e64df636ff1c341f1546802cbaea','variant','1',12),(959,'27e2e64df636ff1c341f1546802cbaea','sw_version','BB.BB',12),(960,'0f0480a48ebc3069d1d5da9aac99c3be','type','1',9),(961,'0f0480a48ebc3069d1d5da9aac99c3be','product','14',9),(962,'0f0480a48ebc3069d1d5da9aac99c3be','variant','1',9),(963,'0f0480a48ebc3069d1d5da9aac99c3be','sw_version','BB.BB',9),(964,'54cae23284aa176f94ecd0b5b813be76','type','1',9),(965,'54cae23284aa176f94ecd0b5b813be76','product','14',9),(966,'54cae23284aa176f94ecd0b5b813be76','variant','1',9),(967,'54cae23284aa176f94ecd0b5b813be76','sw_version','BB.BB',9),(968,'80a8842b84cb3b147c6678d2c1d09ee5','device','1',1),(969,'80a8842b84cb3b147c6678d2c1d09ee5','type','2',1),(970,'80a8842b84cb3b147c6678d2c1d09ee5','product','1',1),(971,'80a8842b84cb3b147c6678d2c1d09ee5','variant','3',1),(972,'80a8842b84cb3b147c6678d2c1d09ee5','region','1',1),(973,'80a8842b84cb3b147c6678d2c1d09ee5','logo','1',1),(974,'80a8842b84cb3b147c6678d2c1d09ee5','ANDROID_DISPLAY_VERSION','C8660CA_Claro_CA_3.0 ',1),(975,'80a8842b84cb3b147c6678d2c1d09ee5','PRODUCT_OTA_PUBLIC_KEYS','ota.x509.pem312',1),(976,'48d4c8bfa01a20cfd68ce98276fb042e','type','2',15),(977,'48d4c8bfa01a20cfd68ce98276fb042e','product','12',15),(978,'48d4c8bfa01a20cfd68ce98276fb042e','variant','3',15),(979,'48d4c8bfa01a20cfd68ce98276fb042e','sw_version','xx.xx',15),(980,'d601ee413225228fbf0b3777969a1da0','device','1',1),(981,'d601ee413225228fbf0b3777969a1da0','type','2',1),(982,'d601ee413225228fbf0b3777969a1da0','product','1',1),(983,'d601ee413225228fbf0b3777969a1da0','variant','3',1),(984,'d601ee413225228fbf0b3777969a1da0','region','1',1),(985,'d601ee413225228fbf0b3777969a1da0','logo','1',1),(986,'d601ee413225228fbf0b3777969a1da0','ANDROID_DISPLAY_VERSION','C8660CA_Claro_CA_3.0 ',1),(987,'d601ee413225228fbf0b3777969a1da0','PRODUCT_OTA_PUBLIC_KEYS','ota.x509.pem312',1),(988,'79e89324718783851b71fa2655e9efbb','device','1',1),(989,'79e89324718783851b71fa2655e9efbb','type','2',1),(990,'79e89324718783851b71fa2655e9efbb','product','1',1),(991,'79e89324718783851b71fa2655e9efbb','variant','3',1),(992,'79e89324718783851b71fa2655e9efbb','region','1',1),(993,'79e89324718783851b71fa2655e9efbb','logo','1',1),(994,'79e89324718783851b71fa2655e9efbb','ANDROID_DISPLAY_VERSION','C8660CA_Claro_CA_3.0 ',1),(995,'79e89324718783851b71fa2655e9efbb','PRODUCT_OTA_PUBLIC_KEYS','ota.x509.pem312',1),(996,'ecabdac93794dafade0cfc8db6e83d57','device','1',1),(997,'ecabdac93794dafade0cfc8db6e83d57','type','2',1),(998,'ecabdac93794dafade0cfc8db6e83d57','product','1',1),(999,'ecabdac93794dafade0cfc8db6e83d57','variant','3',1),(1000,'ecabdac93794dafade0cfc8db6e83d57','region','1',1),(1001,'ecabdac93794dafade0cfc8db6e83d57','logo','1',1),(1002,'ecabdac93794dafade0cfc8db6e83d57','ANDROID_DISPLAY_VERSION','C8660CA_Claro_CA_3.0 ',1),(1003,'ecabdac93794dafade0cfc8db6e83d57','PRODUCT_OTA_PUBLIC_KEYS','ota.x509.pem312',1),(1004,'9522cd9d58d12ebc9cc4cd44d2606b65','type','1',11),(1005,'9522cd9d58d12ebc9cc4cd44d2606b65','product','24',11),(1006,'9522cd9d58d12ebc9cc4cd44d2606b65','variant','2',11),(1007,'9522cd9d58d12ebc9cc4cd44d2606b65','sw_version','Mach_C8680QM_V31_121212_1519',11),(1008,'6e84154c35ad3113781633079321f624','type','1',11),(1009,'6e84154c35ad3113781633079321f624','product','24',11),(1010,'6e84154c35ad3113781633079321f624','variant','2',11),(1011,'6e84154c35ad3113781633079321f624','sw_version','Mach_C8680QM_V31_121212_1519',11),(1012,'9ab842404f85232605b513100488fb0d','type','1',14),(1013,'9ab842404f85232605b513100488fb0d','product','1',14),(1014,'9ab842404f85232605b513100488fb0d','variant','2',14),(1015,'9ab842404f85232605b513100488fb0d','sw_version','A8666_00.04',14),(1016,'b55d392f44d53b2d2e970c719971377a','type','1',14),(1017,'b55d392f44d53b2d2e970c719971377a','product','1',14),(1018,'b55d392f44d53b2d2e970c719971377a','variant','2',14),(1019,'b55d392f44d53b2d2e970c719971377a','sw_version','A8666_00.04',14),(1020,'77f980faef4ff7c87b3e4bc831426d1e','type','1',14),(1021,'77f980faef4ff7c87b3e4bc831426d1e','product','1',14),(1022,'77f980faef4ff7c87b3e4bc831426d1e','variant','2',14),(1023,'77f980faef4ff7c87b3e4bc831426d1e','sw_version','A8666_00.04',14),(1024,'9777bfde81b8b012a6dd0065cbe582de','type','1',16),(1025,'9777bfde81b8b012a6dd0065cbe582de','product','3',16),(1026,'9777bfde81b8b012a6dd0065cbe582de','variant','2',16),(1027,'9777bfde81b8b012a6dd0065cbe582de','sw_version','android4.1_00.0A',16),(1028,'0be8e332ce391036397f91a1e9e0cce7','type','1',16),(1029,'0be8e332ce391036397f91a1e9e0cce7','product','3',16),(1030,'0be8e332ce391036397f91a1e9e0cce7','variant','2',16),(1031,'0be8e332ce391036397f91a1e9e0cce7','sw_version','android4.1_00.0A',16),(1032,'9e087d3b4954ab8918440bcb1bfed2c8','type','1',16),(1033,'9e087d3b4954ab8918440bcb1bfed2c8','product','3',16),(1034,'9e087d3b4954ab8918440bcb1bfed2c8','variant','2',16),(1035,'9e087d3b4954ab8918440bcb1bfed2c8','sw_version','android4.1_00.0A ',16),(1036,'ff4717204cd4b96a50bcb02963dcf6ee','type','1',16),(1037,'ff4717204cd4b96a50bcb02963dcf6ee','product','3',16),(1038,'ff4717204cd4b96a50bcb02963dcf6ee','variant','2',16),(1039,'ff4717204cd4b96a50bcb02963dcf6ee','sw_version','android4.1_00.0A',16),(1040,'10651d4201c5a365c4f5a3905f6dd05f','type','1',16),(1041,'10651d4201c5a365c4f5a3905f6dd05f','product','3',16),(1042,'10651d4201c5a365c4f5a3905f6dd05f','variant','2',16),(1043,'10651d4201c5a365c4f5a3905f6dd05f','sw_version','android4.1_00.0A',16),(1044,'7a50e7b2132d5cc4dba374dd25c099b8','type','1',16),(1045,'7a50e7b2132d5cc4dba374dd25c099b8','product','3',16),(1046,'7a50e7b2132d5cc4dba374dd25c099b8','variant','2',16),(1047,'7a50e7b2132d5cc4dba374dd25c099b8','sw_version','android4.1_00.0A',16),(1048,'b2583034581dcc6d50fb18d2a97a263e','type','1',16),(1049,'b2583034581dcc6d50fb18d2a97a263e','product','3',16),(1050,'b2583034581dcc6d50fb18d2a97a263e','variant','2',16),(1051,'b2583034581dcc6d50fb18d2a97a263e','sw_version','android4.1_00.0A',16),(1052,'12627939ae535fcfb23ff5d16906a82c','type','1',13),(1053,'12627939ae535fcfb23ff5d16906a82c','product','2',13),(1054,'12627939ae535fcfb23ff5d16906a82c','variant','2',13),(1055,'12627939ae535fcfb23ff5d16906a82c','sw_version','C8669_00.02',13),(1056,'c01237b3d4fb8cffefb69cc69d14be46','type','1',13),(1057,'c01237b3d4fb8cffefb69cc69d14be46','product','2',13),(1058,'c01237b3d4fb8cffefb69cc69d14be46','variant','2',13),(1059,'c01237b3d4fb8cffefb69cc69d14be46','sw_version','C8669_00.03',13),(1060,'ccb17141401de0e6ce6fa10ef42269c1','type','1',13),(1061,'ccb17141401de0e6ce6fa10ef42269c1','product','2',13),(1062,'ccb17141401de0e6ce6fa10ef42269c1','variant','2',13),(1063,'ccb17141401de0e6ce6fa10ef42269c1','sw_version','C8669_00.03',13),(1064,'ffde8d7b08182d222fb12f41c75d9179','type','1',12),(1065,'ffde8d7b08182d222fb12f41c75d9179','product','5',12),(1066,'ffde8d7b08182d222fb12f41c75d9179','variant','2',12),(1067,'ffde8d7b08182d222fb12f41c75d9179','sw_version','mm.mm',12),(1068,'08db88e5b9c1e87b8fa994aeeb5a4224','type','1',13),(1069,'08db88e5b9c1e87b8fa994aeeb5a4224','product','2',13),(1070,'08db88e5b9c1e87b8fa994aeeb5a4224','variant','2',13),(1071,'08db88e5b9c1e87b8fa994aeeb5a4224','sw_version','C8669_00.03',13),(1072,'0491782006f8e6d35d7e7e13c2b11f05','type','1',12),(1073,'0491782006f8e6d35d7e7e13c2b11f05','product','5',12),(1074,'0491782006f8e6d35d7e7e13c2b11f05','variant','2',12),(1075,'0491782006f8e6d35d7e7e13c2b11f05','sw_version','mm.mm',12),(1076,'e1fa596b29fecdb996505c19787487b1','type','1',13),(1077,'e1fa596b29fecdb996505c19787487b1','product','2',13),(1078,'e1fa596b29fecdb996505c19787487b1','variant','2',13),(1079,'e1fa596b29fecdb996505c19787487b1','sw_version','C8669_00.03',13),(1080,'17aa44621eb51de1e8f10fc38438c6b4','type','1',13),(1081,'17aa44621eb51de1e8f10fc38438c6b4','product','2',13),(1082,'17aa44621eb51de1e8f10fc38438c6b4','variant','2',13),(1083,'17aa44621eb51de1e8f10fc38438c6b4','sw_version','C8669_00.03',13),(1084,'8eed558dc43ba4d327d8d4aa5efb1cec','type','1',13),(1085,'8eed558dc43ba4d327d8d4aa5efb1cec','product','2',13),(1086,'8eed558dc43ba4d327d8d4aa5efb1cec','variant','2',13),(1087,'8eed558dc43ba4d327d8d4aa5efb1cec','sw_version','C8669_00.03',13),(1088,'199f4a3557b925def28d35e5450d527f','type','1',13),(1089,'199f4a3557b925def28d35e5450d527f','product','2',13),(1090,'199f4a3557b925def28d35e5450d527f','variant','2',13),(1091,'199f4a3557b925def28d35e5450d527f','sw_version','C8669_00.03',13),(1092,'917e0cb030ebf5805857eaf577842c2f','type','1',13),(1093,'917e0cb030ebf5805857eaf577842c2f','product','2',13),(1094,'917e0cb030ebf5805857eaf577842c2f','variant','2',13),(1095,'917e0cb030ebf5805857eaf577842c2f','sw_version','C8669_00.04',13),(1096,'9566430f50f0b1cd0aa53d40faca3e28','type','1',16),(1097,'9566430f50f0b1cd0aa53d40faca3e28','product','3',16),(1098,'9566430f50f0b1cd0aa53d40faca3e28','variant','2',16),(1099,'9566430f50f0b1cd0aa53d40faca3e28','sw_version','android4.1_00.0B',16),(1100,'9ec1cb83039c422193b9c7e6092d4165','type','1',16),(1101,'9ec1cb83039c422193b9c7e6092d4165','product','3',16),(1102,'9ec1cb83039c422193b9c7e6092d4165','variant','2',16),(1103,'9ec1cb83039c422193b9c7e6092d4165','sw_version','android4.1_00.0B',16),(1104,'e90de26c237868800d8833f69ffb3787','type','1',16),(1105,'e90de26c237868800d8833f69ffb3787','product','3',16),(1106,'e90de26c237868800d8833f69ffb3787','variant','2',16),(1107,'e90de26c237868800d8833f69ffb3787','sw_version','android4.1_00.0C',16),(1108,'10f3cd5400544a4e61a065e022d729d7','type','1',13),(1109,'10f3cd5400544a4e61a065e022d729d7','product','2',13),(1110,'10f3cd5400544a4e61a065e022d729d7','variant','2',13),(1111,'10f3cd5400544a4e61a065e022d729d7','sw_version','C8669_00.05',13),(1112,'358be2e7cfd8eff5ca212814aa0cac78','type','1',13),(1113,'358be2e7cfd8eff5ca212814aa0cac78','product','2',13),(1114,'358be2e7cfd8eff5ca212814aa0cac78','variant','2',13),(1115,'358be2e7cfd8eff5ca212814aa0cac78','sw_version','C8669_00.06',13),(1116,'9c29434eae36e69e1d3f186bf957a856','type','1',16),(1117,'9c29434eae36e69e1d3f186bf957a856','product','3',16),(1118,'9c29434eae36e69e1d3f186bf957a856','variant','1',16),(1119,'9c29434eae36e69e1d3f186bf957a856','sw_version','android4.1_00.10',16),(1120,'ae16a5c791514b5547a88f4f5557f39c','variant','2',18),(1121,'ae16a5c791514b5547a88f4f5557f39c','sw_version','07',18),(1122,'a045c6f7c0d789e735157ac06c02c964','variant','2',18),(1123,'a045c6f7c0d789e735157ac06c02c964','sw_version','06',18),(1124,'ed8d56ab14e257e20faa36fdc4e4f20f','variant','2',18),(1125,'ed8d56ab14e257e20faa36fdc4e4f20f','sw_version','07',18),(1126,'af69191c350c21ff07f00c2a64bc844c','variant','2',18),(1127,'af69191c350c21ff07f00c2a64bc844c','sw_version','07',18),(1128,'3aac9c2cda4160137f7f1fd6f7380db3','variant','1',20),(1129,'3aac9c2cda4160137f7f1fd6f7380db3','sw_version','00.15',20),(1130,'1b6854c30d01528ddf9de8f9b193c6da','type','1',25),(1131,'1b6854c30d01528ddf9de8f9b193c6da','product','2',25),(1132,'1b6854c30d01528ddf9de8f9b193c6da','variant','1',25),(1133,'1b6854c30d01528ddf9de8f9b193c6da','sw_version','00test',25),(1134,'b8903d7af66f79513af1dff30905fcc4','type','1',24),(1135,'b8903d7af66f79513af1dff30905fcc4','product','8',24),(1136,'b8903d7af66f79513af1dff30905fcc4','variant','1',24),(1137,'b8903d7af66f79513af1dff30905fcc4','sw_version','0000',24),(1138,'129f72b497842c8fa3645e207cdf5064','type','1',22),(1139,'129f72b497842c8fa3645e207cdf5064','product','23',22),(1140,'129f72b497842c8fa3645e207cdf5064','variant','3',22),(1141,'129f72b497842c8fa3645e207cdf5064','sw_version','0000',22),(1142,'ba1aca8aac41ed878eabad80ad92f0b6','type','1',22),(1143,'ba1aca8aac41ed878eabad80ad92f0b6','product','1',22),(1144,'ba1aca8aac41ed878eabad80ad92f0b6','variant','3',22),(1145,'ba1aca8aac41ed878eabad80ad92f0b6','sw_version','xx.xx',22),(1146,'d45e04c71e34efd2f8df4b4cf70663fd','type','1',24),(1147,'d45e04c71e34efd2f8df4b4cf70663fd','product','8',24),(1148,'d45e04c71e34efd2f8df4b4cf70663fd','variant','1',24),(1149,'d45e04c71e34efd2f8df4b4cf70663fd','sw_version','xx.xx',24),(1150,'6c7b32c147a4eb604a962077785892ed','type','1',25),(1151,'6c7b32c147a4eb604a962077785892ed','product','2',25),(1152,'6c7b32c147a4eb604a962077785892ed','variant','1',25),(1153,'6c7b32c147a4eb604a962077785892ed','sw_version','0000',25),(1154,'e9ed6d5cb9f0f7dd272cb3207c4b1f49','type','1',23),(1155,'e9ed6d5cb9f0f7dd272cb3207c4b1f49','product','1',23),(1156,'e9ed6d5cb9f0f7dd272cb3207c4b1f49','variant','1',23),(1157,'e9ed6d5cb9f0f7dd272cb3207c4b1f49','sw_version','00.00',23),(1158,'fbbd89977f9b275dc835fc7cd43737de','type','1',22),(1159,'fbbd89977f9b275dc835fc7cd43737de','product','23',22),(1160,'fbbd89977f9b275dc835fc7cd43737de','variant','1',22),(1161,'fbbd89977f9b275dc835fc7cd43737de','sw_version','00.00',22),(1162,'1c519f17d375621bd8286f45973d2576','type','2',23),(1163,'1c519f17d375621bd8286f45973d2576','product','1',23),(1164,'1c519f17d375621bd8286f45973d2576','variant','3',23),(1165,'1c519f17d375621bd8286f45973d2576','sw_version','xx.xx',23),(1166,'70846d8df7b1f12ead48a34d0bd23c94','type','1',24),(1167,'70846d8df7b1f12ead48a34d0bd23c94','product','8',24),(1168,'70846d8df7b1f12ead48a34d0bd23c94','variant','1',24),(1169,'70846d8df7b1f12ead48a34d0bd23c94','sw_version','00.00',24),(1170,'eb916793dfb005c6f563fc18f8bdb3cd','type','1',25),(1171,'eb916793dfb005c6f563fc18f8bdb3cd','product','2',25),(1172,'eb916793dfb005c6f563fc18f8bdb3cd','variant','1',25),(1173,'eb916793dfb005c6f563fc18f8bdb3cd','sw_version','00.00',25),(1174,'d7844fea85c57737bde9d298f474beae','type','1',2),(1175,'d7844fea85c57737bde9d298f474beae','product','7',2),(1176,'d7844fea85c57737bde9d298f474beae','variant','2',2),(1177,'d7844fea85c57737bde9d298f474beae','sw_version','AA.AA',2),(1178,'5b79ad7a528e8fa690b0b0963c305adb','type','1',26),(1179,'5b79ad7a528e8fa690b0b0963c305adb','product','22',26),(1180,'5b79ad7a528e8fa690b0b0963c305adb','variant','2',26),(1181,'5b79ad7a528e8fa690b0b0963c305adb','sw_version','BB.BB',26),(1182,'7f13e011eda589308bb6f025e9f7e75f','type','1',12),(1183,'7f13e011eda589308bb6f025e9f7e75f','product','5',12),(1184,'7f13e011eda589308bb6f025e9f7e75f','variant','1',12),(1185,'7f13e011eda589308bb6f025e9f7e75f','sw_version','AA.AA',12),(1186,'c8ceaacf089990338c2d21cfc6d88d29','type','1',25),(1187,'c8ceaacf089990338c2d21cfc6d88d29','product','2',25),(1188,'c8ceaacf089990338c2d21cfc6d88d29','variant','1',25),(1189,'c8ceaacf089990338c2d21cfc6d88d29','sw_version','BB.BB',25),(1190,'ecbdb6c624fdd383b861aae5a1c7f363','type','1',2),(1191,'ecbdb6c624fdd383b861aae5a1c7f363','product','7',2),(1192,'ecbdb6c624fdd383b861aae5a1c7f363','variant','2',2),(1193,'ecbdb6c624fdd383b861aae5a1c7f363','sw_version','AA.AA',2),(1194,'05a1f3b1e6f2ed68d8f9c0e5b8ef41f0','type','1',2),(1195,'05a1f3b1e6f2ed68d8f9c0e5b8ef41f0','product','7',2),(1196,'05a1f3b1e6f2ed68d8f9c0e5b8ef41f0','variant','2',2),(1197,'05a1f3b1e6f2ed68d8f9c0e5b8ef41f0','sw_version','AA.AA',2),(1198,'e24ebfb414ee2af2daeabbcebd2c8600','type','1',2),(1199,'e24ebfb414ee2af2daeabbcebd2c8600','product','7',2),(1200,'e24ebfb414ee2af2daeabbcebd2c8600','variant','2',2),(1201,'e24ebfb414ee2af2daeabbcebd2c8600','sw_version','AA.AA',2),(1202,'c682d930e0f683c6071db476f5710b50','type','1',16),(1203,'c682d930e0f683c6071db476f5710b50','product','6',16),(1204,'c682d930e0f683c6071db476f5710b50','variant','1',16),(1205,'c682d930e0f683c6071db476f5710b50','sw_version','android4.1_00.1C',16);
/*!40000 ALTER TABLE `selectoptions` ENABLE KEYS */;
UNLOCK TABLES;

--
-- Table structure for table `servers`
--

DROP TABLE IF EXISTS `servers`;
/*!40101 SET @saved_cs_client     = @@character_set_client */;
/*!40101 SET character_set_client = utf8 */;
CREATE TABLE `servers` (
  `id` int(10) unsigned NOT NULL AUTO_INCREMENT,
  `name` varchar(64) NOT NULL DEFAULT '',
  `host` varchar(32) NOT NULL,
  `port` int(11) NOT NULL DEFAULT '0',
  `state` int(10) unsigned NOT NULL DEFAULT '0',
  `remark` varchar(64) NOT NULL DEFAULT '',
  PRIMARY KEY (`id`,`name`) USING BTREE
) ENGINE=InnoDB AUTO_INCREMENT=5 DEFAULT CHARSET=utf8;
/*!40101 SET character_set_client = @saved_cs_client */;

--
-- Dumping data for table `servers`
--

LOCK TABLES `servers` WRITE;
/*!40000 ALTER TABLE `servers` DISABLE KEYS */;
INSERT INTO `servers` VALUES (1,'192.168.80.44','192.168.80.44',2000,1,'test server'),(2,'192.168.80.89','192.168.80.89',2000,1,'Tinboost'),(3,'192.168.80.106','192.168.80.106',2000,1,'ArgonSpin'),(4,'192.168.80.90','192.168.80.90',2000,1,'PCD');
/*!40000 ALTER TABLE `servers` ENABLE KEYS */;
UNLOCK TABLES;

--
-- Table structure for table `tasks`
--

DROP TABLE IF EXISTS `tasks`;
/*!40101 SET @saved_cs_client     = @@character_set_client */;
/*!40101 SET character_set_client = utf8 */;
CREATE TABLE `tasks` (
  `id` int(10) unsigned NOT NULL AUTO_INCREMENT,
  `name` varchar(64) NOT NULL DEFAULT '',
  `commituser` varchar(32) NOT NULL DEFAULT '',
  `committime` datetime NOT NULL DEFAULT '0000-00-00 00:00:00',
  `commithost` varchar(32) NOT NULL,
  `state` int(10) unsigned NOT NULL DEFAULT '0',
  `logfile` varchar(64) NOT NULL DEFAULT '',
  `completetime` datetime DEFAULT '0000-00-00 00:00:00',
  `projectid` int(10) unsigned NOT NULL DEFAULT '0',
  `canceluser` varchar(32) DEFAULT NULL,
  `cancelhost` varchar(32) DEFAULT NULL,
  `canceltime` datetime DEFAULT NULL,
  `jobstarttime` datetime DEFAULT '0000-00-00 00:00:00',
  `ftype` varchar(32) NOT NULL,
  `tkey` varchar(32) NOT NULL,
  PRIMARY KEY (`id`),
  KEY `FK_tasks_project_ID` (`projectid`) USING BTREE
) ENGINE=InnoDB AUTO_INCREMENT=249 DEFAULT CHARSET=utf8;
/*!40101 SET character_set_client = @saved_cs_client */;

--
-- Dumping data for table `tasks`
--

LOCK TABLES `tasks` WRITE;
/*!40000 ALTER TABLE `tasks` DISABLE KEYS */;
INSERT INTO `tasks` VALUES (1,'C8680','roger.liu','2012-10-31 14:22:28','192.168.33.52',0,'C8680_2012-10-31_14-22-28.log','0000-00-00 00:00:00',2,'roger.liu','192.168.33.52','2012-10-31 16:36:26','0000-00-00 00:00:00','build','6a1585d14ae5501b9c718436b0ccd14a'),(2,'C8680','roger.liu','2012-10-31 14:22:36','192.168.33.52',5,'C8680_2012-10-31_14-22-36.log','2012-11-01 15:13:52',2,'roger.liu','192.168.33.52','2012-11-01 09:50:05','2012-11-01 15:13:42','build','e239fe1ac3f4b3f9ec3f2bcda5c082c7'),(3,'A8660','roger.liu','2012-10-31 14:22:46','192.168.33.52',5,'A8660_2012-10-31_14-22-46.log','2012-11-01 15:13:52',1,'roger.liu','192.168.33.52','2012-10-31 16:42:41','2012-11-01 15:13:42','build','c6b0777ce33adba291f6335f28901e95'),(4,'C8680','roger.liu','2012-10-31 14:56:36','192.168.33.52',6,'C8680_2012-10-31_14-56-36.log','2012-11-01 11:27:43',2,NULL,NULL,NULL,'0000-00-00 00:00:00','build','ccec99480c6bf7387066f871f8acd648'),(5,'C8680','roger.liu','2012-10-31 15:00:43','192.168.33.52',0,'C8680_2012-10-31_15-00-43.log','0000-00-00 00:00:00',2,'roger.liu','192.168.33.52','2012-11-01 09:49:57','0000-00-00 00:00:00','build','76f992f86a86f4a843db458e40e72238'),(6,'C8680','roger.liu','2012-10-31 15:02:00','192.168.33.52',6,'C8680_2012-10-31_15-02-00.log','2012-11-01 11:27:43',2,NULL,NULL,NULL,'0000-00-00 00:00:00','build','dde10a4b94546faa9df24be12c0ef358'),(7,'C8680','roger.liu','2012-10-31 15:28:07','192.168.33.52',6,'C8680_2012-10-31_15-28-07.log','2012-11-01 11:27:43',2,NULL,NULL,NULL,'0000-00-00 00:00:00','build','90581790be091fb17eeb2050ba9889aa'),(8,'A8660','roger.liu','2012-10-31 15:29:51','192.168.33.52',6,'A8660_2012-10-31_15-29-51.log','2012-11-01 11:27:43',1,'roger.liu','192.168.33.52','2012-11-01 09:45:06','0000-00-00 00:00:00','build','a7f88042f3b81ca6f718ea6462f43ec8'),(9,'A8660','roger.liu','2012-10-31 15:31:20','192.168.33.52',0,'A8660_2012-10-31_15-31-20.log','0000-00-00 00:00:00',1,'roger.liu','192.168.33.52','2012-10-31 16:41:18','0000-00-00 00:00:00','build','a7d83a747fa67bb73e3ebcf08cc8eaac'),(10,'A8660','roger.liu','2012-10-31 15:32:38','192.168.33.52',5,'A8660_2012-10-31_15-32-38.log','2012-11-14 14:42:28',1,'roger.liu','192.168.80.243','2012-11-14 10:38:23','2012-11-14 14:41:27','build','d6db104d2aae8784038e4970d8fd4b41'),(11,'A8660','roger.liu','2012-10-31 15:33:03','192.168.33.52',0,'A8660_2012-10-31_15-33-03.log','0000-00-00 00:00:00',1,'roger.liu','192.168.33.52','2012-10-31 16:38:20','0000-00-00 00:00:00','build','a353829f7b055a8b2b28c3c5265a4915'),(12,'A8660','roger.liu','2012-10-31 15:33:48','192.168.33.52',0,'A8660_2012-10-31_15-33-48.log','0000-00-00 00:00:00',1,'roger.liu','192.168.33.52','2012-10-31 18:11:43','0000-00-00 00:00:00','build','618741a5755043957586b94f5af2eaf0'),(13,'C8680','roger.liu','2012-10-31 18:11:20','192.168.33.52',0,'C8680_2012-10-31_18-11-20.log','0000-00-00 00:00:00',2,'roger.liu','192.168.33.52','2012-11-01 10:01:24','0000-00-00 00:00:00','build','93c8eb700ede687cba82480756a6d680'),(14,'C8680','roger.liu','2012-11-01 10:01:03','192.168.33.52',6,'C8680_2012-11-01_10-01-03.log','2012-11-01 11:27:43',2,NULL,NULL,NULL,'0000-00-00 00:00:00','build','7ccb7a20ca1d72aabb1480326bcecb07'),(15,'A8660','roger.liu','2012-11-01 11:07:09','192.168.33.52',0,'A8660_2012-11-01_11-07-09.log','2012-11-01 11:27:43',1,'roger.liu','192.168.80.243','2012-11-14 09:47:35','0000-00-00 00:00:00','build','8b9c6ef4a7b30333d0e9c41fa26fd1f2'),(16,'C8680','roger.liu','2012-11-01 11:27:09','192.168.33.52',6,'C8680_2012-11-01_11-27-09.log','2012-11-14 15:32:02',2,'roger.liu','192.168.80.243','2012-11-14 10:38:12','2012-11-14 14:42:31','build','7b76ee03775c5e4f977139ddc905ac84'),(17,'C8680','roger.liu','2012-11-01 11:31:25','192.168.33.52',6,'C8680_2012-11-01_11-31-25.log','2012-11-01 12:09:20',2,NULL,NULL,NULL,'0000-00-00 00:00:00','build','40bc77abe75c08b66c5dbd1b9c1ba7c6'),(18,'C8680','roger.liu','2012-11-01 12:10:56','192.168.33.52',5,'C8680_2012-11-01_12-10-56.log','2012-11-01 12:11:25',2,NULL,NULL,NULL,'0000-00-00 00:00:00','build','c4dbc98492907020e672db5927e12fee'),(19,'C8680','roger.liu','2012-11-01 12:14:18','192.168.33.52',5,'C8680_2012-11-01_12-14-18.log','2012-11-01 13:50:51',2,NULL,NULL,NULL,'0000-00-00 00:00:00','build','b0f1af66d5ce13bb663281cc5e4a35db'),(20,'C8680','roger.liu','2012-11-01 13:51:55','192.168.33.52',5,'C8680_2012-11-01_13-51-55.log','2012-11-01 13:57:11',2,NULL,NULL,NULL,'0000-00-00 00:00:00','build','624709aff4d96899b084d147f14db6f4'),(21,'C8680','roger.liu','2012-11-01 13:57:11','192.168.33.52',5,'C8680_2012-11-01_13-57-11.log','2012-11-06 16:08:26',2,'roger.liu','192.168.33.52','2012-11-01 14:03:28','2012-11-06 16:08:16','build','7a0245ad9a155e89b352d69ef60754b5'),(22,'C8680','roger.liu','2012-11-01 14:04:41','192.168.33.52',5,'C8680_2012-11-01_14-04-41.log','2012-11-06 16:08:26',2,NULL,NULL,NULL,'2012-11-06 16:08:16','build','973d348c9d86d91fb7ad0ada15aa998a'),(23,'C8680','roger.liu','2012-11-01 14:08:27','192.168.33.52',5,'C8680_2012-11-01_14-08-27.log','2012-11-06 16:08:26',2,'roger.liu','192.168.33.52','2012-11-01 14:09:13','2012-11-06 16:08:16','build','691da04a85a1c7a67597ac51c208c254'),(24,'C8680','roger.liu','2012-11-01 14:09:36','192.168.33.52',5,'C8680_2012-11-01_14-09-36.log','2012-11-06 16:08:26',2,NULL,NULL,NULL,'2012-11-06 16:08:16','build','eb9727f994cb623b4c84b2dd0c7d8921'),(25,'C8680','roger.liu','2012-11-01 14:11:39','192.168.33.52',0,'C8680_2012-11-01_14-11-39.log','2012-11-01 14:11:49',2,'roger.liu','192.168.80.243','2012-11-14 09:49:53','0000-00-00 00:00:00','build','065a526500ac25ca9c38fbe9966ff96e'),(26,'A8660','roger.liu','2012-11-01 14:18:38','192.168.33.52',5,'A8660_2012-11-01_14-18-38.log','2012-11-01 14:18:49',1,NULL,NULL,NULL,'2012-11-01 14:18:39','build','c73c071dccae6017b8c5009847fb4fdb'),(27,'A8660','roger.liu','2012-11-01 14:36:30','192.168.33.52',5,'A8660_2012-11-01_14-36-30.log','2012-11-01 14:36:40',1,NULL,NULL,NULL,'2012-11-01 14:36:30','build','556f22aefd3390a013995c5593e87019'),(28,'A8660','roger.liu','2012-11-01 14:41:03','192.168.33.52',5,'A8660_2012-11-01_14-41-03.log','2012-11-01 14:41:13',1,NULL,NULL,NULL,'2012-11-01 14:41:03','build','cabcc76ff62d4bf7c47e18f8b08eee11'),(29,'A8660','roger.liu','2012-11-01 15:22:00','192.168.33.52',0,'A8660_2012-11-01_15-22-00.log','2012-11-01 15:22:10',1,'roger.liu','192.168.33.52','2012-11-06 14:56:51','2012-11-01 15:22:00','build','6f8e23a395bdc20bedd2c8c58f0dfc81'),(30,'A8660','roger.liu','2012-11-01 15:33:33','192.168.80.194',5,'A8660_2012-11-01_15-33-33.log','2012-11-01 15:33:43',1,NULL,NULL,NULL,'2012-11-01 15:33:33','build','9ceb4852d9caeaca4a063c55d97a7a6f'),(31,'A8660','roger.liu','2012-11-03 15:50:39','192.168.33.52',5,'A8660_2012-11-03_15-50-39.log','2012-11-03 15:50:50',1,NULL,NULL,NULL,'2012-11-03 15:50:40','build','83cace738e3b155fcfe3c7d828eae449'),(32,'C8680','roger.liu','2012-11-06 13:46:34','192.168.33.52',5,'C8680_2012-11-06_13-46-34.log','2012-11-06 16:08:26',2,'roger.liu','192.168.33.52','2012-11-06 14:57:14','2012-11-06 16:08:16','build','55236b47a355f62cd09f51d282088a88'),(33,'C8680','roger.liu','2012-11-06 14:34:15','192.168.33.52',5,'C8680_2012-11-06_14-34-15.log','2012-11-06 16:08:37',2,'roger.liu','192.168.33.52','2012-11-06 14:44:04','2012-11-06 16:08:27','build','e3512a5e28769cd35ec69c89c6e0e758'),(34,'A8660','roger.liu','2012-11-06 14:38:18','192.168.33.52',0,'A8660_2012-11-06_14-38-18.log','0000-00-00 00:00:00',1,'roger.liu','192.168.33.52','2012-11-06 14:38:39','0000-00-00 00:00:00','build','34bff12a34056b4bf7d7e78b7a905400'),(35,'IC8560','roger.liu','2012-11-06 15:02:25','192.168.33.52',0,'IC8560_2012-11-06_15-02-25.log','0000-00-00 00:00:00',7,'roger.liu','192.168.33.52','2012-11-06 16:17:34','0000-00-00 00:00:00','build','66ed3b27cf6dbb8d35f6cbc43b4b40fc'),(36,'C8096','roger.liu','2012-11-06 15:05:03','192.168.33.52',0,'C8096_2012-11-06_15-05-03.log','0000-00-00 00:00:00',5,'roger.liu','192.168.33.52','2012-11-06 15:05:36','0000-00-00 00:00:00','build','e9cc1536edfc0a2e645b869dc72f9e46'),(37,'C8680','roger.liu','2012-11-06 16:17:42','192.168.33.52',5,'C8680_2012-11-06_16-17-42.log','2012-11-06 16:17:52',2,NULL,NULL,NULL,'2012-11-06 16:17:42','build','8b7d996f624d067c9e8ad0b4785e0bd0'),(38,'C8680','roger.liu','2012-11-09 10:05:36','192.168.33.52',6,'C8680_2012-11-09_10-05-36.log','2012-11-09 10:05:36',2,NULL,NULL,NULL,'2012-11-09 10:05:36','build','4ed6c14fb243628748dc8b6b7449b41a'),(39,'C8680','roger.liu','2012-11-09 10:09:35','192.168.33.52',5,'C8680_2012-11-09_10-09-35.log','2012-11-09 10:09:45',2,NULL,NULL,NULL,'2012-11-09 10:09:35','build','40759d958e9cfe4cb2e089ab91b39c7f'),(40,'C8680','roger.liu','2012-11-09 10:27:36','192.168.33.52',5,'C8680_2012-11-09_10-27-36.log','2012-11-09 10:27:46',2,NULL,NULL,NULL,'2012-11-09 10:27:36','build','91cb1ade277c91af86dde2a761a698e7'),(41,'A8660','elwin.gao','2012-11-09 10:27:44','192.168.33.52',0,'A8660_2012-11-09_10-27-44.log','0000-00-00 00:00:00',1,NULL,NULL,NULL,'0000-00-00 00:00:00','build','87cab091571a1d3dfb15051107ab4259'),(42,'C8680','roger.liu','2012-11-09 11:24:51','192.168.33.52',5,'C8680_2012-11-09_11-24-51.log','2012-11-09 11:25:33',2,NULL,NULL,NULL,'2012-11-09 11:25:22','build','df3f7f49433df270a2d238df77dec8d1'),(43,'C8680','zhenhua.gong','2012-11-09 11:27:55','192.168.80.27',8,'C8680_2012-11-09_11-27-55.log','2012-11-09 11:28:06',2,'roger.liu','192.168.80.194','2012-11-15 14:04:09','2012-11-09 11:27:55','build','8288a3a16e37fe4ce3dad7f744f71b66'),(44,'C8680','roger.liu','2012-11-09 14:55:02','192.168.33.52',0,'C8680_roger.liu_2012-11-09_14-55-02.log','0000-00-00 00:00:00',2,'roger.liu','192.168.33.52','2012-11-09 14:55:59','0000-00-00 00:00:00','build','a3d6bfb84c719ddf987027de5d450c99'),(45,'C8680','roger.liu','2012-11-09 14:56:34','192.168.33.52',0,'C8680_roger.liu_2012-11-09_14-56-34.log','2012-11-09 14:29:35',2,'roger.liu','192.168.33.52','2012-11-09 15:09:16','2012-11-09 14:29:23','build','72705d5c3655986b1f3b040ae4b8057c'),(46,'C8680','roger.liu','2012-11-09 15:09:23','192.168.33.52',0,'C8680_roger.liu_2012-11-09_15-09-23.log','0000-00-00 00:00:00',2,'roger.liu','192.168.33.52','2012-11-09 15:13:45','0000-00-00 00:00:00','build','17c0377538be64ae1e50ae20326c257d'),(47,'A8660','roger.liu','2012-11-09 15:15:02','192.168.33.52',0,'A8660_roger.liu_2012-11-09_15-15-02.log','0000-00-00 00:00:00',1,'roger.liu','192.168.33.52','2012-11-09 15:20:21','0000-00-00 00:00:00','build','0ae0b10d48bf3e7541211c6eb1ac14bf'),(48,'C8680','roger.liu','2012-11-09 15:19:04','192.168.33.52',5,'C8680_roger.liu_2012-11-09_15-19-04.log','2012-11-09 14:52:05',2,NULL,NULL,NULL,'2012-11-09 14:51:53','build','44fb960e3196dfec450f42979ca7f7c4'),(49,'A8660','roger.liu','2012-11-09 15:20:24','192.168.33.52',5,'A8660_roger.liu_2012-11-09_15-20-24.log','2012-11-09 14:53:27',1,NULL,NULL,NULL,'2012-11-09 14:53:14','build','7bd48eef2eaf651d62f99170b973d616'),(50,'C8680','roger.liu','2012-11-09 15:20:29','192.168.33.52',5,'C8680_roger.liu_2012-11-09_15-20-29.log','2012-11-09 14:53:30',2,NULL,NULL,NULL,'2012-11-09 14:53:18','build','8e7e67fc5c66aa24ea3338dac942a5dc'),(51,'A8660','roger.liu','2012-11-09 15:24:29','192.168.33.52',6,'A8660_roger.liu_2012-11-09_15-24-29.log','2012-11-09 14:57:17',1,NULL,NULL,NULL,'2012-11-09 14:57:17','build','05b06f2a47601bcefba96aba53f41ac3'),(52,'C8680','roger.liu','2012-11-09 15:24:34','192.168.33.52',5,'C8680_roger.liu_2012-11-09_15-24-34.log','2012-11-09 14:57:34',2,NULL,NULL,NULL,'2012-11-09 14:57:22','build','e369c5e98d5450d1de8b9a6560f5176f'),(53,'A8660','roger.liu','2012-11-09 15:24:48','192.168.33.52',6,'A8660_roger.liu_2012-11-09_15-24-48.log','2012-11-09 14:57:37',1,NULL,NULL,NULL,'2012-11-09 14:57:37','build','fdf2ea1d92390b66cc46fe43a16e6617'),(54,'A8660','roger.liu','2012-11-09 15:26:15','192.168.33.52',5,'A8660_roger.liu_2012-11-09_15-26-15.log','2012-11-09 14:59:14',1,NULL,NULL,NULL,'2012-11-09 14:59:04','build','b2f8111500d74d4e71c9e0dea4085a75'),(55,'C8680','roger.liu','2012-11-09 15:26:19','192.168.33.52',5,'C8680_roger.liu_2012-11-09_15-26-19.log','2012-11-09 15:07:37',2,NULL,NULL,NULL,'2012-11-09 15:07:25','build','5033ffb8f3f36a1d3bd0124e1f09c250'),(56,'A8660','roger.liu','2012-11-09 15:35:19','192.168.33.52',5,'A8660_roger.liu_2012-11-09_15-35-19.log','2012-11-09 15:08:18',1,NULL,NULL,NULL,'2012-11-09 15:08:08','build','11868d97577f4e72ba46628cfd37015f'),(57,'C8680','roger.liu','2012-11-09 15:35:24','192.168.33.52',0,'C8680_roger.liu_2012-11-09_15-35-24.log','0000-00-00 00:00:00',2,'roger.liu','192.168.33.52','2012-11-09 15:40:14','0000-00-00 00:00:00','build','a067748f15f86f75783e08c6c40efa7c'),(58,'A8660','roger.liu','2012-11-09 15:37:58','192.168.33.52',0,'A8660_roger.liu_2012-11-09_15-37-58.log','0000-00-00 00:00:00',1,'roger.liu','192.168.33.52','2012-11-09 15:40:12','0000-00-00 00:00:00','build','5b9f0324cdbcf16ede17f4fcd5423871'),(59,'A8660','roger.liu','2012-11-09 15:40:19','192.168.33.52',5,'A8660_roger.liu_2012-11-09_15-40-19.log','2012-11-09 15:14:08',1,NULL,NULL,NULL,'2012-11-09 15:13:08','build','126eefbc6287b111ed2ecf83e01dd614'),(60,'C8680','roger.liu','2012-11-09 15:40:23','192.168.33.52',5,'C8680_roger.liu_2012-11-09_15-40-23.log','2012-11-09 15:26:37',2,NULL,NULL,NULL,'2012-11-09 15:25:35','build','358f5551656eb22434505455c7ec472a'),(61,'A8660','roger.liu','2012-11-09 15:54:06','192.168.33.52',0,'A8660_roger.liu_2012-11-09_15-54-06.log','0000-00-00 00:00:00',1,'roger.liu','192.168.33.52','2012-11-09 15:54:43','0000-00-00 00:00:00','build','4dddfb0c646bcdea0835120ae08a4d10'),(62,'A8660','roger.liu','2012-11-09 15:55:16','192.168.33.52',5,'A8660_roger.liu_2012-11-09_15-55-16.log','2012-11-09 15:29:05',1,NULL,NULL,NULL,'2012-11-09 15:28:05','build','98ada66efcec680a5f840123832efd99'),(63,'C8680','roger.liu','2012-11-09 15:55:19','192.168.33.52',0,'C8680_roger.liu_2012-11-09_15-55-19.log','0000-00-00 00:00:00',2,'roger.liu','192.168.33.52','2012-11-09 16:06:29','0000-00-00 00:00:00','build','cf14e2b43d8fc578dee86d518b7c5a99'),(64,'A8660','roger.liu','2012-11-09 16:06:41','192.168.33.52',0,'A8660_roger.liu_2012-11-09_16-06-41.log','0000-00-00 00:00:00',1,'roger.liu','192.168.33.52','2012-11-09 16:07:04','0000-00-00 00:00:00','build','594997fe5718a1d8586b36e44fa84061'),(65,'A8660','roger.liu','2012-11-09 16:09:05','192.168.33.52',0,'A8660_roger.liu_2012-11-09_16-09-05.log','0000-00-00 00:00:00',1,'roger.liu','192.168.33.52','2012-11-12 12:15:49','0000-00-00 00:00:00','build','ff98991227bddd07c03ebe570d28b937'),(66,'C8680','roger.liu','2012-11-09 16:09:10','192.168.33.52',0,'C8680_roger.liu_2012-11-09_16-09-10.log','0000-00-00 00:00:00',2,'roger.liu','192.168.33.52','2012-11-12 12:15:47','0000-00-00 00:00:00','build','db84cd5f2e6bc81a52b67cb05f47fabd'),(67,'C8680','roger.liu','2012-11-12 12:15:55','192.168.33.52',5,'C8680_roger.liu_2012-11-12_12-15-55.log','2012-11-12 13:49:14',2,NULL,NULL,NULL,'2012-11-12 13:49:03','build','9b321d35524da45d1557747df674ec49'),(68,'A8660','roger.liu','2012-11-12 12:16:00','192.168.33.52',6,'A8660_roger.liu_2012-11-12_12-16-00.log','2012-11-12 13:49:03',1,NULL,NULL,NULL,'2012-11-12 13:49:03','build','bae1dffdd5d51dece6a3bd6e82b19e62'),(69,'A8660','roger.liu','2012-11-12 13:56:05','192.168.33.52',0,'A8660_roger.liu_2012-11-12_13-56-05.log','2012-11-12 13:57:06',1,'roger.liu','192.168.80.243','2012-11-14 09:43:40','2012-11-12 13:56:05','build','733f5bef0c36510737a23c0c8975b542'),(70,'C8680','roger.liu','2012-11-12 13:56:08','192.168.33.52',5,'C8680_roger.liu_2012-11-12_13-56-08.log','2012-11-12 13:57:10',2,NULL,NULL,NULL,'2012-11-12 13:56:09','build','ea5d293f69b631df1d2fc04833d876b4'),(71,'A8660','roger.liu','2012-11-12 14:10:06','192.168.33.52',0,'A8660_roger.liu_2012-11-12_14-10-06.log','2012-11-12 14:11:07',1,'roger.liu','192.168.80.243','2012-11-14 09:44:12','2012-11-12 14:10:06','build','e22fd19fc2dc9a67b88e3d138b096826'),(72,'C8680','roger.liu','2012-11-12 14:10:11','192.168.33.52',5,'C8680_roger.liu_2012-11-12_14-10-11.log','2012-11-12 14:11:12',2,NULL,NULL,NULL,'2012-11-12 14:10:11','build','c145e74ecfcc23f878c914989d75f71d'),(73,'A8660','roger.liu','2012-11-12 14:13:38','192.168.33.52',6,'A8660_roger.liu_2012-11-12_14-13-38.log','2012-11-12 14:14:39',1,NULL,NULL,NULL,'2012-11-12 14:13:38','build','502d939767cda12a41f64f29e8526720'),(74,'A8660','roger.liu','2012-11-12 14:22:44','192.168.33.52',6,'A8660_roger.liu_2012-11-12_14-22-44.log','2012-11-12 14:23:46',1,NULL,NULL,NULL,'2012-11-12 14:22:45','build','81ea591c6c0e750c4e013cc961ce40e1'),(75,'C8680','roger.liu','2012-11-12 14:22:48','192.168.33.52',5,'C8680_roger.liu_2012-11-12_14-22-48.log','2012-11-12 14:24:47',2,NULL,NULL,NULL,'2012-11-12 14:23:46','build','ad5c2e480ed3a90d5d27746cc01632ef'),(76,'A8660','roger.liu','2012-11-12 14:27:38','192.168.33.52',6,'A8660_roger.liu_2012-11-12_14-27-38.log','2012-11-12 14:28:40',1,NULL,NULL,NULL,'2012-11-12 14:27:39','build','f61a32b0e89b3e5be1a5b985fac6c06c'),(77,'C8680','roger.liu','2012-11-13 15:33:57','192.168.80.194',0,'C8680_roger.liu_2012-11-13_15-33-57.log','0000-00-00 00:00:00',2,'roger.liu','192.168.80.194','2012-11-13 15:34:33','0000-00-00 00:00:00','build','3a0ccd6668c87fa77e60770d470ae2ff'),(78,'C8680','roger.liu','2012-11-13 15:34:41','192.168.80.194',6,'C8680_roger.liu_2012-11-13_15-34-41.log','0000-00-00 00:00:00',2,NULL,NULL,NULL,'2012-11-13 14:53:25','build','abb616c1eff719785080db6f686f7945'),(79,'C8680','roger.liu','2012-11-13 15:48:48','192.168.80.194',0,'C8680_roger.liu_2012-11-13_15-48-48.log','0000-00-00 00:00:00',2,'roger.liu','192.168.80.194','2012-11-13 15:49:06','0000-00-00 00:00:00','build','038c2fc39e338ad08e0c91564981abfa'),(80,'C8680','roger.liu','2012-11-13 15:49:32','192.168.80.194',5,'C8680_roger.liu_2012-11-13_15-49-32.log','2012-11-13 15:59:20',2,NULL,NULL,NULL,'2012-11-13 15:02:30','build','c805034a4c9be5ad6ed63cfc196023d2'),(81,'A8660','elwin.gao','2012-11-13 17:46:38','192.168.80.172',0,'A8660_elwin.gao_2012-11-13_17-46-38.log','0000-00-00 00:00:00',1,'roger.liu','192.168.80.243','2012-11-15 13:26:09','0000-00-00 00:00:00','build','34a463c346d42f184c2caaeb6ca6fb77'),(82,'A8660','elwin.gao','2012-11-13 17:47:23','192.168.80.172',8,'A8660_elwin.gao_2012-11-13_17-47-23.log','0000-00-00 00:00:00',1,'roger.liu','192.168.80.194','2012-11-15 14:04:16','0000-00-00 00:00:00','build','4eece723d96eab553d8cf231c3c90faf'),(83,'A8660','elwin.gao','2012-11-13 17:48:07','192.168.80.172',5,'A8660_elwin.gao_2012-11-13_17-48-07.log','2012-11-13 17:21:55',1,NULL,NULL,NULL,'2012-11-13 17:20:55','build','b7dd57a68de9c80d371bf4c9c25be348'),(84,'A8660','roger.liu','2012-11-14 10:44:03','192.168.80.243',0,'A8660_roger.liu_2012-11-14_10-44-03.log','0000-00-00 00:00:00',1,'roger.liu','192.168.80.243','2012-11-14 10:44:56','0000-00-00 00:00:00','build','6547ef36d0b31300f1f0961fc50b9dff'),(85,'A8660','roger.liu','2012-11-14 15:22:59','192.168.80.44',0,'A8660_roger.liu_2012-11-14_15-22-59.log','0000-00-00 00:00:00',1,'roger.liu','192.168.80.243','2012-11-14 15:28:54','0000-00-00 00:00:00','build','36b3a11ae9ba808a4477176fc5d54439'),(86,'A8660','roger.liu','2012-11-14 15:28:41','192.168.80.243',0,'A8660_roger.liu_2012-11-14_15-28-41.log','0000-00-00 00:00:00',1,'roger.liu','192.168.80.243','2012-11-14 15:29:14','0000-00-00 00:00:00','build','17ac6d79ceb985c4fa461032d72c37a8'),(87,'A8660','roger.liu','2012-11-14 15:29:23','192.168.80.243',5,'A8660_roger.liu_2012-11-14_15-29-23.log','2012-11-14 14:52:20',1,NULL,NULL,NULL,'2012-11-14 14:51:20','build','6946f4db4cab67675a70e7c28fde45a5'),(88,'A8660','roger.liu','2012-11-14 15:29:30','192.168.80.243',5,'A8660_roger.liu_2012-11-14_15-29-30.log','2012-11-14 14:53:21',1,NULL,NULL,NULL,'2012-11-14 14:52:21','build','fcea56055fd7533af10e070b8f833495'),(89,'A8660','roger.liu','2012-11-14 15:29:41','192.168.80.243',5,'A8660_roger.liu_2012-11-14_15-29-41.log','2012-11-14 14:54:21',1,NULL,NULL,NULL,'2012-11-14 14:53:21','build','7ca4c7ce157164086602cc77db44879e'),(90,'A8660','roger.liu','2012-11-14 15:38:31','192.168.80.243',5,'A8660_roger.liu_2012-11-14_15-38-31.log','2012-11-14 14:55:21',1,NULL,NULL,NULL,'2012-11-14 14:54:21','build','7d61c593ef78e5bf299973833d4a0b6d'),(91,'A8660','roger.liu','2012-11-14 15:39:33','192.168.80.243',5,'A8660_roger.liu_2012-11-14_15-39-33.log','2012-11-14 14:56:22',1,NULL,NULL,NULL,'2012-11-14 14:55:21','build','3800c2dbea83623758d0dcba4bc0f717'),(92,'A8660','roger.liu','2012-11-14 15:44:59','192.168.80.243',5,'A8660_roger.liu_2012-11-14_15-44-59.log','2012-11-14 14:58:45',1,NULL,NULL,NULL,'2012-11-14 14:57:45','build','c635e556d26048c6190d3c440373eff9'),(93,'A8660','roger.liu','2012-11-14 15:45:05','192.168.80.243',5,'A8660_roger.liu_2012-11-14_15-45-05.log','2012-11-14 14:59:45',1,NULL,NULL,NULL,'2012-11-14 14:58:45','build','427b263417a44519795e86af52d2955e'),(94,'A8660','roger.liu','2012-11-14 15:45:25','192.168.80.243',5,'A8660_roger.liu_2012-11-14_15-45-25.log','2012-11-14 15:00:46',1,NULL,NULL,NULL,'2012-11-14 14:59:46','build','86cea4c3ca0c49aebea172344c804e0a'),(95,'A8660','roger.liu','2012-11-14 15:45:45','192.168.80.243',6,'A8660_roger.liu_2012-11-14_15-45-45.log','2012-11-14 15:01:46',1,NULL,NULL,NULL,'2012-11-14 15:00:46','build','df59edd1712e17a9866dffd59fc364e1'),(96,'A8660','roger.liu','2012-11-14 16:08:20','192.168.80.44',5,'A8660_roger.liu_2012-11-14_16-08-20.log','2012-11-14 15:22:53',1,NULL,NULL,NULL,'2012-11-14 15:21:53','build','48c12a8c66c6e2f0850e92793f7d46a2'),(97,'A8660','roger.liu','2012-11-14 16:09:06','192.168.80.44',5,'A8660_roger.liu_2012-11-14_16-09-06.log','2012-11-14 15:23:53',1,NULL,NULL,NULL,'2012-11-14 15:22:53','build','82f80f713d04754a4f4788c339a2cb86'),(98,'A8660','roger.liu','2012-11-14 16:09:25','192.168.80.44',0,'A8660_roger.liu_2012-11-14_16-09-25.log','0000-00-00 00:00:00',1,'roger.liu','192.168.80.243','2012-11-14 18:55:59','0000-00-00 00:00:00','build','438754599af0ceb1ec6027df0d7fe1b9'),(99,'C8680','roger.liu','2012-11-14 18:54:37','192.168.80.243',0,'C8680_roger.liu_2012-11-14_18-54-37.log','0000-00-00 00:00:00',2,'roger.liu','192.168.80.243','2012-11-14 18:55:57','0000-00-00 00:00:00','build','afc8e93d9a49d5339d0e8dba064d103c'),(100,'C8680','roger.liu','2012-11-14 18:56:21','192.168.80.243',5,'C8680_roger.liu_2012-11-14_18-56-21.log','2012-11-14 18:20:15',2,NULL,NULL,NULL,'2012-11-14 18:19:04','build','5cfadb9b474ea11c5f5c35bb508edfe6'),(101,'C8680','roger.liu','2012-11-14 18:56:41','192.168.80.243',5,'C8680_roger.liu_2012-11-14_18-56-41.log','2012-11-14 18:21:15',2,NULL,NULL,NULL,'2012-11-14 18:20:15','build','16379ec7bf833b6aad9f45176d606d44'),(102,'C8680','roger.liu','2012-11-14 18:57:53','192.168.80.243',5,'C8680_roger.liu_2012-11-14_18-57-53.log','2012-11-14 18:22:15',2,NULL,NULL,NULL,'2012-11-14 18:21:15','build','ee5e3acd4f93d0da51b6ac6bcfd1ca43'),(103,'C8680','roger.liu','2012-11-14 18:59:48','192.168.80.243',5,'C8680_roger.liu_2012-11-14_18-59-48.log','2012-11-14 18:23:16',2,NULL,NULL,NULL,'2012-11-14 18:22:15','build','d56cd0cbda7c6387a9ee3ed127943352'),(104,'C8680','roger.liu','2012-11-14 19:00:44','192.168.80.243',5,'C8680_roger.liu_2012-11-14_19-00-44.log','2012-11-14 18:24:16',2,NULL,NULL,NULL,'2012-11-14 18:23:16','build','4500696a0c955659dc5ba8359362cf57'),(105,'C8680','roger.liu','2012-11-15 14:09:24','192.168.80.194',5,'C8680_roger.liu_2012-11-15_14-09-24.log','2012-11-15 13:25:05',2,'roger.liu','192.168.80.194','2012-11-15 14:09:39','2012-11-15 13:22:02','build','8449ca2d4ff9e49312c77d14119c52ae'),(106,'A8660','roger.liu','2012-11-15 14:09:28','192.168.80.194',5,'A8660_roger.liu_2012-11-15_14-09-28.log','2012-11-15 13:28:09',1,NULL,NULL,NULL,'2012-11-15 13:25:07','build','d285b0ce163753dd6718655abaf92d4e'),(107,'C8680','roger.liu','2012-11-15 14:20:38','192.168.80.194',5,'C8680_roger.liu_2012-11-15_14-20-38.log','2012-11-15 13:36:16',2,'roger.liu','192.168.80.194','2012-11-15 14:20:48','2012-11-15 13:33:14','build','07922bd7af691c38ec071f188852eb49'),(108,'A8660','roger.liu','2012-11-15 14:25:53','192.168.80.194',0,'A8660_roger.liu_2012-11-15_14-25-53.log','0000-00-00 00:00:00',1,'roger.liu','192.168.80.194','2012-11-15 14:25:59','0000-00-00 00:00:00','build','9eec6465f29e38b39575e5999f25f76f'),(109,'A8660','roger.liu','2012-11-15 14:26:03','192.168.80.194',5,'A8660_roger.liu_2012-11-15_14-26-03.log','2012-11-15 13:41:40',1,'roger.liu','192.168.80.194','2012-11-15 14:26:39','2012-11-15 13:38:39','build','aa2c12a04a295bd60abb17347a645992'),(110,'A8660','roger.liu','2012-11-15 14:30:44','192.168.80.194',8,'A8660_roger.liu_2012-11-15_14-30-44.log','0000-00-00 00:00:00',1,'roger.liu','192.168.80.194','2012-11-15 14:32:20','2012-11-15 13:43:20','build','714cebfa632c62aac4b8c29ac97a2a0c'),(111,'A8660','roger.liu','2012-11-15 14:33:22','192.168.80.194',5,'A8660_roger.liu_2012-11-15_14-33-22.log','2012-11-15 13:49:00',1,'roger.liu','192.168.80.194','2012-11-15 14:33:37','2012-11-15 13:45:58','build','b50e357035ddbc5c76a9795a5b19b2ca'),(112,'A8660','roger.liu','2012-11-15 14:37:51','192.168.80.194',5,'A8660_roger.liu_2012-11-15_14-37-51.log','2012-11-15 13:53:29',1,'roger.liu','192.168.80.194','2012-11-15 14:38:15','2012-11-15 13:50:27','build','8c5519b993309deca5ac92a4a20b3ae1'),(113,'A8660','roger.liu','2012-11-15 16:55:13','192.168.80.194',8,'A8660_roger.liu_2012-11-15_16-55-13.log','0000-00-00 00:00:00',1,'roger.liu','192.168.80.194','2012-11-15 16:55:30','2012-11-15 16:07:47','build','41b630d7b71689cb3dacf7b9dac7a4bf'),(114,'A8660','roger.liu','2012-11-15 16:58:08','192.168.80.194',5,'A8660_roger.liu_2012-11-15_16-58-08.log','2012-11-15 16:13:44',1,'roger.liu','192.168.80.194','2012-11-15 16:58:15','2012-11-15 16:10:42','build','cdc994106f23944d00ab6883ae2a3e2d'),(115,'A8660','roger.liu','2012-11-16 09:36:25','192.168.80.243',0,'A8660_roger.liu_2012-11-16_09-36-25.log','0000-00-00 00:00:00',1,'roger.liu','192.168.80.243','2012-11-16 09:36:33','0000-00-00 00:00:00','build','41ff748e7efb28960ddf133973479a3e'),(116,'A8660','roger.liu','2012-11-16 09:36:45','192.168.80.243',5,'A8660_roger.liu_2012-11-16_09-36-45.log','2012-11-16 08:52:14',1,'roger.liu','192.168.80.243','2012-11-16 09:37:04','2012-11-16 08:49:12','build','7a5bec097721df9338cbe24e55beddac'),(117,'A8660','roger.liu','2012-11-16 09:44:20','192.168.80.243',5,'A8660_roger.liu_2012-11-16_09-44-20.log','2012-11-16 08:57:49',1,'roger.liu','192.168.80.243','2012-11-16 09:44:41','2012-11-16 08:56:47','build','586a7a5658956e030bb3c6afa504d68e'),(118,'A8660','roger.liu','2012-11-16 09:47:33','192.168.80.243',5,'A8660_roger.liu_2012-11-16_09-47-33.log','2012-11-16 09:01:02',1,'roger.liu','192.168.80.243','2012-11-16 09:47:46','2012-11-16 09:00:00','build','95e54654f162d81a7a8df907bfec5240'),(119,'A8660','roger.liu','2012-11-16 09:58:58','192.168.80.243',5,'A8660_roger.liu_2012-11-16_09-58-58.log','2012-11-16 09:12:27',1,'roger.liu','192.168.80.243','2012-11-16 09:59:11','2012-11-16 09:11:24','build','995f3fdcc6292faaa90a58cd2acf0528'),(120,'A8660','roger.liu','2012-11-16 10:05:43','192.168.80.243',5,'A8660_roger.liu_2012-11-16_10-05-43.log','2012-11-16 09:19:11',1,'roger.liu','192.168.80.243','2012-11-16 10:06:03','2012-11-16 09:18:09','build','cbb187fe345307c499b7fd2b3d1b65a1'),(121,'A8660','roger.liu','2012-11-16 10:14:18','192.168.80.243',5,'A8660_roger.liu_2012-11-16_10-14-18.log','2012-11-16 09:27:47',1,'roger.liu','192.168.80.243','2012-11-16 10:14:28','2012-11-16 09:26:44','build','e51eccbc0a8610c34b4c09c62e2013af'),(122,'A8660','roger.liu','2012-11-16 11:49:59','192.168.80.243',0,'A8660_roger.liu_2012-11-16_11-49-59.log','0000-00-00 00:00:00',1,'roger.liu','192.168.80.243','2012-11-16 11:50:07','0000-00-00 00:00:00','build','2060e327985dca65f365a7e9454ae580'),(123,'A8660','roger.liu','2012-11-16 11:50:16','192.168.80.243',5,'A8660_roger.liu_2012-11-16_11-50-16.log','2012-11-16 11:02:58',1,'roger.liu','192.168.80.243','2012-11-16 11:50:33','2012-11-16 11:02:42','build','290f1183a26412ca69aa54b70bbcfb02'),(124,'C8680','roger.liu','2012-11-16 11:51:45','192.168.80.243',5,'C8680_roger.liu_2012-11-16_11-51-45.log','2012-11-16 11:04:24',2,'roger.liu','192.168.80.243','2012-11-16 11:51:59','2012-11-16 11:04:10','build','f652a7f49a8e5a11ab73a3b71db77d54'),(125,'A8660','roger.liu','2012-11-16 16:10:07','192.168.80.243',8,'A8660_roger.liu_2012-11-16_16-10-07.log','2012-11-16 15:23:12',1,'roger.liu','192.168.80.243','2012-11-16 16:10:49','2012-11-16 15:22:40','build','45d3093a824c5c6b3d7b91196e4a030d'),(126,'A8660','roger.liu','2012-11-16 16:10:16','192.168.80.243',0,'A8660_roger.liu_2012-11-16_16-10-16.log','0000-00-00 00:00:00',1,'roger.liu','192.168.80.243','2012-11-16 16:10:23','0000-00-00 00:00:00','build','9780b18c59719f0af866b4abebce84f5'),(127,'C8680','roger.liu','2012-11-26 10:58:46','192.168.80.194',0,'C8680_roger.liu_2012-11-26_10-58-46.log','0000-00-00 00:00:00',2,'roger.liu','192.168.80.194','2012-11-26 10:58:51','0000-00-00 00:00:00','build','f6728a23b6da783efe7958d455f51e64'),(128,'C8680','roger.liu','2012-11-26 10:59:07','192.168.80.194',0,'C8680_roger.liu_2012-11-26_10-59-07.log','0000-00-00 00:00:00',2,'roger.liu','192.168.80.194','2012-11-26 11:00:28','0000-00-00 00:00:00','build','7bc6ccb54ecfa436e210fb2c196cd574'),(129,'C8680','roger.liu','2012-11-26 11:01:03','192.168.80.194',6,'C8680_roger.liu_2012-11-26_11-01-03.log','2012-11-26 11:47:08',2,NULL,NULL,NULL,'2012-11-26 10:11:35','build','dbb78556b30032f276f9aee6d4a81a8e'),(130,'C9660','roger.liu','2012-11-26 11:32:13','192.168.80.194',5,'C9660_roger.liu_2012-11-26_11-32-13.log','2012-11-26 12:31:32',4,NULL,NULL,NULL,'2012-11-26 11:25:59','build','7cec5920d716493f46a0cec7fdae415c'),(131,'C8680','elwin.gao','2012-11-26 13:55:06','192.168.80.172',0,'C8680_elwin.gao_2012-11-26_13-55-06.log','0000-00-00 00:00:00',2,'roger.liu','192.168.80.194','2012-11-28 17:15:54','0000-00-00 00:00:00','build','ec6557329b30d69650125211c7eb30ec'),(132,'C8680','roger.liu','2012-11-26 16:59:33','192.168.80.194',0,'C8680_roger.liu_2012-11-26_16-59-33.log','0000-00-00 00:00:00',2,'roger.liu','192.168.80.194','2012-11-28 17:15:52','0000-00-00 00:00:00','build','5d23ce2fe877d6bd7c3c0f20606fa471'),(133,'C9660','roger.liu','2012-11-28 16:58:40','192.168.80.194',5,'C9660_roger.liu_2012-11-28_16-58-40.log','2012-11-28 16:52:56',4,NULL,NULL,NULL,'2012-11-28 16:52:24','build','b06d2829f2d47a11a9010f885f821ad6'),(134,'C9660','roger.liu','2012-11-28 16:59:04','192.168.80.194',5,'C9660_roger.liu_2012-11-28_16-59-04.log','2012-11-28 16:53:30',4,NULL,NULL,NULL,'2012-11-28 16:52:57','build','7ae46592201541db827a090e8d0443c5'),(135,'C9660','roger.liu','2012-11-28 17:00:25','192.168.80.194',5,'C9660_roger.liu_2012-11-28_17-00-25.log','2012-11-28 16:54:12',4,NULL,NULL,NULL,'2012-11-28 16:54:09','build','3cc4081e96d29ab0958aa1eaf0830ec6'),(136,'C9660','roger.liu','2012-11-28 17:00:33','192.168.80.194',5,'C9660_roger.liu_2012-11-28_17-00-33.log','2012-11-28 16:54:20',4,NULL,NULL,NULL,'2012-11-28 16:54:17','build','f1525ae666bb445a43c582b2bbd6498a'),(137,'C9660','roger.liu','2012-11-28 17:01:00','192.168.80.194',8,'C9660_roger.liu_2012-11-28_17-01-00.log','2012-11-28 16:54:56',4,'roger.liu','192.168.80.194','2012-11-28 17:01:12','2012-11-28 16:54:44','build','b22256d2670669b9cecee6728b1150da'),(138,'C9660','roger.liu','2012-11-28 17:01:08','192.168.80.194',5,'C9660_roger.liu_2012-11-28_17-01-08.log','2012-11-28 16:55:59',4,NULL,NULL,NULL,'2012-11-28 16:54:56','build','d16d374a3fac90e82bd6be1d47131191'),(139,'C8680_HuaWei','roger.liu','2012-11-29 12:01:21','192.168.80.194',6,'C8680_HuaWei_roger.liu_2012-11-29_12-01-21.log','2012-11-29 11:11:18',2,NULL,NULL,NULL,'2012-11-29 11:11:18','build','79f57b144221074d461d264995892fe3'),(140,'C8680_Cellon','roger.liu','2012-11-29 14:03:29','192.168.80.194',5,'C8680_Cellon_roger.liu_2012-11-29_14-03-29.log','2012-11-29 14:45:35',10,NULL,NULL,NULL,'2012-11-29 13:13:25','build','5b0bec3e0d2b7cd623a50dcc5113be14'),(141,'C8681','elwin.gao','2012-11-29 17:48:51','192.168.80.172',8,'C8681_elwin.gao_2012-11-29_17-48-51.log','2012-11-29 17:14:04',2,'elwin.gao','192.168.80.172','2012-11-29 17:49:25','2012-11-29 17:13:31','build','4395b0def7066a511af24a5606d9db7e'),(142,'C8681','elwin.gao','2012-11-29 17:50:07','192.168.80.172',6,'C8681_elwin.gao_2012-11-29_17-50-07.log','2012-11-29 17:16:59',2,NULL,NULL,NULL,'2012-11-29 17:14:47','build','bf7b46502cabfb7d9e8dc726960a16e7'),(143,'C8680_Haier','elwin.gao','2012-11-29 17:50:50','192.168.80.172',6,'C8680_Haier_elwin.gao_2012-11-29_17-50-50.log','2012-11-29 19:27:23',9,NULL,NULL,NULL,'2012-11-29 17:15:30','build','a1b9d1a7706dce0ee4014526160b70e5'),(144,'C8680_Cellon','elwin.gao','2012-11-29 17:51:25','192.168.80.172',6,'C8680_Cellon_elwin.gao_2012-11-29_17-51-25.log','2012-11-29 19:37:45',10,NULL,NULL,NULL,'2012-11-29 17:16:04','build','9af69013dd2a5dabb9dfba191113eb80'),(145,'C8680_QM','elwin.gao','2012-11-29 17:52:10','192.168.80.172',6,'C8680_QM_elwin.gao_2012-11-29_17-52-10.log','2012-11-29 19:38:51',11,NULL,NULL,NULL,'2012-11-29 17:16:49','build','6cd00da051b7fd2ea8a589b6eb84f5d5'),(146,'C8680_VN','elwin.gao','2012-11-29 17:52:49','192.168.80.172',6,'C8680_VN_elwin.gao_2012-11-29_17-52-49.log','2012-11-29 17:17:28',12,NULL,NULL,NULL,'2012-11-29 17:17:28','build','b64fecb5f5a8d270052f575bd3c5676a'),(147,'C8681','elwin.gao','2012-11-29 17:58:54','192.168.80.172',6,'C8681_elwin.gao_2012-11-29_17-58-54.log','2012-11-29 19:32:05',2,NULL,NULL,NULL,'2012-11-29 17:23:33','build','95669b68e985a73dee8ff00c6a593d9a'),(148,'C8680_VN','elwin.gao','2012-11-29 17:59:50','192.168.80.172',6,'C8680_VN_elwin.gao_2012-11-29_17-59-50.log','2012-11-29 17:24:29',12,NULL,NULL,NULL,'2012-11-29 17:24:29','build','fc719695cc1516d015bbf2041f1f39b6'),(149,'C8680_VN','roger.liu','2012-11-29 20:45:02','192.168.80.194',6,'C8680_VN_roger.liu_2012-11-29_20-45-02.log','2012-11-29 19:54:55',12,NULL,NULL,NULL,'2012-11-29 19:54:55','build','07565fdcd5b1cc68cb60f6c71b2313e1'),(150,'C8680_VN','roger.liu','2012-11-29 20:46:59','192.168.80.194',6,'C8680_VN_roger.liu_2012-11-29_20-46-59.log','2012-11-29 20:45:21',12,NULL,NULL,NULL,'2012-11-29 19:56:52','build','bfc4ec5a1efbc7ed2d66cfe5f989458e'),(151,'C8680_QM','elwin.gao','2012-11-30 09:35:52','192.168.80.172',6,'C8680_QM_elwin.gao_2012-11-30_09-35-52.log','2012-11-30 09:01:05',11,NULL,NULL,NULL,'2012-11-30 09:00:28','build','51337398b521e38d51414cd922af93fa'),(152,'C8680_QM','elwin.gao','2012-11-30 09:38:34','192.168.80.172',5,'C8680_QM_elwin.gao_2012-11-30_09-38-34.log','2012-11-30 09:11:15',11,NULL,NULL,NULL,'2012-11-30 09:03:10','build','9c4c68ee91f295f03547f6af70bc1ea0'),(153,'C8680_VN','elwin.gao','2012-11-30 09:57:58','192.168.80.172',6,'C8680_VN_elwin.gao_2012-11-30_09-57-58.log','2012-11-30 09:22:41',12,NULL,NULL,NULL,'2012-11-30 09:22:34','build','243f25871cc65f2e34d37b4074da5dab'),(154,'C8680_VN','elwin.gao','2012-11-30 10:02:00','192.168.80.172',5,'C8680_VN_elwin.gao_2012-11-30_10-02-00.log','2012-11-30 10:23:47',12,NULL,NULL,NULL,'2012-11-30 09:26:37','build','d7e8f1bba397173641c175da49e9a3e4'),(155,'C8680_Cellon','elwin.gao','2012-11-30 10:03:10','192.168.80.172',5,'C8680_Cellon_elwin.gao_2012-11-30_10-03-10.log','2012-11-30 09:37:25',10,NULL,NULL,NULL,'2012-11-30 09:27:46','build','09ead7aa5351201b0f2e2063f922544f'),(156,'C8680_Haier','elwin.gao','2012-11-30 10:05:07','192.168.80.172',6,'C8680_Haier_elwin.gao_2012-11-30_10-05-07.log','2012-11-30 09:44:26',9,NULL,NULL,NULL,'2012-11-30 09:29:43','build','48d5158c6e7d5ec810ff89fa4188c5d7'),(157,'C8680_Haier','elwin.gao','2012-11-30 10:26:17','192.168.80.172',5,'C8680_Haier_elwin.gao_2012-11-30_10-26-17.log','2012-11-30 09:58:39',9,NULL,NULL,NULL,'2012-11-30 09:50:53','build','1dcd2a0ae7d2bf1617144fe881c19156'),(158,'C8681','elwin.gao','2012-11-30 10:38:36','192.168.80.172',6,'C8681_elwin.gao_2012-11-30_10-38-36.log','2012-11-30 10:03:13',2,NULL,NULL,NULL,'2012-11-30 10:03:12','build','08fb43dfbed6309549d119641f8103fb'),(159,'C8681','elwin.gao','2012-11-30 10:41:28','192.168.80.172',5,'C8681_elwin.gao_2012-11-30_10-41-28.log','2012-11-30 10:07:54',2,NULL,NULL,NULL,'2012-11-30 10:06:04','build','d1599a530b82cd3b4fda931b72fe88a6'),(160,'C8681','elwin.gao','2012-11-30 10:54:55','192.168.80.172',5,'C8681_elwin.gao_2012-11-30_10-54-55.log','2012-11-30 10:20:12',2,NULL,NULL,NULL,'2012-11-30 10:19:31','build','19cf9151aed6132ca25d06cc831e2983'),(161,'C8680_QM','elwin.gao','2012-12-03 16:25:36','192.168.80.172',6,'C8680_QM_elwin.gao_2012-12-03_16-25-36.log','2012-12-03 15:55:43',11,NULL,NULL,NULL,'2012-12-03 15:49:58','build','cbebed6bc098dd446353f16fc9cd0f86'),(162,'C8680_Haier','elwin.gao','2012-12-03 17:59:11','192.168.80.172',6,'C8680_Haier_elwin.gao_2012-12-03_17-59-11.log','2012-12-03 20:34:21',9,NULL,NULL,NULL,'2012-12-03 17:23:34','build','6b3c158e599d7bef12c893e3c767dd5f'),(163,'C8680_VN','elwin.gao','2012-12-03 17:59:35','192.168.80.172',6,'C8680_VN_elwin.gao_2012-12-03_17-59-35.log','2012-12-03 20:34:52',12,NULL,NULL,NULL,'2012-12-03 17:23:57','build','62b767c8eefeeb8ce2ca3f3f799eacd2'),(164,'C8680_QM','elwin.gao','2012-12-03 18:00:16','192.168.80.172',6,'C8680_QM_elwin.gao_2012-12-03_18-00-16.log','2012-12-03 20:35:34',11,NULL,NULL,NULL,'2012-12-03 17:24:39','build','3f96930d8e5e2c6fc97f6b9a8d90ae22'),(165,'C8681','elwin.gao','2012-12-03 18:00:45','192.168.80.172',6,'C8681_elwin.gao_2012-12-03_18-00-45.log','2012-12-03 20:25:07',2,NULL,NULL,NULL,'2012-12-03 17:25:07','build','325e56f864c778e8892af4465d4d6777'),(166,'C8669','elwin.gao','2012-12-07 14:11:17','192.168.80.172',6,'C8669_elwin.gao_2012-12-07_14-11-17.log','2012-12-07 13:35:27',13,NULL,NULL,NULL,'2012-12-07 13:35:27','build','0cc7ebbb108a5dc049f6715bfae794c3'),(167,'C8669','elwin.gao','2012-12-07 14:13:03','192.168.80.172',6,'C8669_elwin.gao_2012-12-07_14-13-03.log','2012-12-07 13:37:07',13,NULL,NULL,NULL,'2012-12-07 13:37:07','build','77323b300c6b304542ca25f9ca6bd175'),(168,'C8669','elwin.gao','2012-12-07 14:22:04','192.168.80.172',6,'C8669_elwin.gao_2012-12-07_14-22-04.log','2012-12-07 13:46:17',13,NULL,NULL,NULL,'2012-12-07 13:46:10','build','5b7bf540f1ec4513f425bf9fd31a89a4'),(169,'A8686','roger.liu','2012-12-07 14:48:25','192.168.80.194',5,'A8686_roger.liu_2012-12-07_14-48-25.log','2012-12-07 14:41:59',3,NULL,NULL,NULL,'2012-12-07 14:41:58','build','8946ae00b9492a5c00549d2022a89cc7'),(170,'A8686','roger.liu','2012-12-07 14:49:31','192.168.80.194',6,'A8686_roger.liu_2012-12-07_14-49-31.log','2012-12-07 14:43:09',3,NULL,NULL,NULL,'2012-12-07 14:43:02','build','17d5ba3aad8709928d9e480838d003be'),(171,'C8669','elwin.gao','2012-12-07 14:35:07','192.168.80.172',6,'C8669_elwin.gao_2012-12-07_14-35-07.log','2012-12-07 13:59:16',13,NULL,NULL,NULL,'2012-12-07 13:59:13','build','93e4ca008d08ba5e050a2f6916950beb'),(172,'A8686','roger.liu','2012-12-07 14:50:55','192.168.80.194',8,'A8686_roger.liu_2012-12-07_14-50-55.log','2012-12-07 14:46:02',3,'roger.liu','192.168.80.194','2012-12-07 14:52:32','2012-12-07 14:44:25','build','8e9adcba4144b0cc8ef294f73aae67c4'),(173,'A8686','roger.liu','2012-12-07 14:53:17','192.168.80.194',8,'A8686_roger.liu_2012-12-07_14-53-17.log','2012-12-07 14:48:36',3,'roger.liu','192.168.80.194','2012-12-07 14:55:06','2012-12-07 14:46:47','build','e9aa127f60f91af51c7fe2dba9a24be9'),(174,'C8669','elwin.gao','2012-12-07 14:37:43','192.168.80.172',8,'C8669_elwin.gao_2012-12-07_14-37-43.log','2012-12-07 14:26:54',13,'elwin.gao','192.168.80.172','2012-12-07 15:02:50','2012-12-07 14:01:47','build','902ac4b9dd31f8a4823223afede02c83'),(175,'A8686','roger.liu','2012-12-07 14:55:52','192.168.80.194',8,'A8686_roger.liu_2012-12-07_14-55-52.log','2012-12-07 14:57:02',3,'roger.liu','192.168.80.194','2012-12-07 15:03:32','2012-12-07 14:49:23','build','2526719cad3cef65d3d815b61c3c3ddb'),(176,'A8686','roger.liu','2012-12-07 15:03:51','192.168.80.194',5,'A8686_roger.liu_2012-12-07_15-03-51.log','2012-12-07 15:46:17',3,NULL,NULL,NULL,'2012-12-07 14:57:21','build','8e22d3e0256251478e7a1a7596f7f801'),(177,'C8669','elwin.gao','2012-12-07 15:09:06','192.168.80.172',6,'C8669_elwin.gao_2012-12-07_15-09-06.log','2012-12-07 15:38:00',13,NULL,NULL,NULL,'2012-12-07 14:33:10','build','2584f44c295298d71a9bd5d3724b1a42'),(178,'C8666','elwin.gao','2012-12-07 15:16:50','192.168.80.172',6,'C8666_elwin.gao_2012-12-07_15-16-50.log','2012-12-07 14:41:01',14,NULL,NULL,NULL,'2012-12-07 14:41:00','build','e4a1479c15b1918da125b3ab9106511f'),(179,'A8666','elwin.gao','2012-12-07 16:07:30','192.168.80.172',6,'A8666_elwin.gao_2012-12-07_16-07-30.log','2012-12-07 15:31:34',14,NULL,NULL,NULL,'2012-12-07 15:31:34','build','3101a3c10f6bf803fa14f5e3bca0e38e'),(180,'A8666','elwin.gao','2012-12-07 16:13:37','192.168.80.172',6,'A8666_elwin.gao_2012-12-07_16-13-36.log','2012-12-07 17:01:28',14,NULL,NULL,NULL,'2012-12-07 15:37:40','build','d8abd9ef95371abcdb4535588171dfaa'),(181,'C8669','elwin.gao','2012-12-07 16:23:45','192.168.80.172',6,'C8669_elwin.gao_2012-12-07_16-23-45.log','2012-12-07 15:47:50',13,NULL,NULL,NULL,'2012-12-07 15:47:48','build','53a5b1328eb82b9af047e8858298885d'),(182,'C8669','elwin.gao','2012-12-07 16:29:44','192.168.80.172',6,'C8669_elwin.gao_2012-12-07_16-29-44.log','2012-12-07 15:53:48',13,NULL,NULL,NULL,'2012-12-07 15:53:47','build','42d715d15aa991c0d434e0ba53fad29b'),(183,'C8669','elwin.gao','2012-12-07 16:32:55','192.168.80.172',5,'C8669_elwin.gao_2012-12-07_16-32-55.log','2012-12-07 16:11:26',13,NULL,NULL,NULL,'2012-12-07 15:56:58','build','f8fd044dd721731f4bf25f3c536953f0'),(184,'C8681','elwin.gao','2012-12-07 17:29:49','192.168.80.172',5,'C8681_elwin.gao_2012-12-07_17-29-49.log','2012-12-07 18:16:52',2,NULL,NULL,NULL,'2012-12-07 16:53:54','build','c0888da29cc3d228aaa32ad3e4824feb'),(185,'C8680_Haier','elwin.gao','2012-12-07 18:02:39','192.168.80.172',6,'C8680_Haier_elwin.gao_2012-12-07_18-02-39.log','2012-12-07 18:17:44',9,NULL,NULL,NULL,'2012-12-07 17:26:57','build','86a18f448fd8a49c02349bb13a791231'),(186,'C8680_Cellon','elwin.gao','2012-12-07 18:03:00','192.168.80.172',5,'C8680_Cellon_elwin.gao_2012-12-07_18-03-00.log','2012-12-07 19:54:28',10,NULL,NULL,NULL,'2012-12-07 17:27:03','build','de0f5add4d2332ca26ba253f600164ca'),(187,'C8680_QM','elwin.gao','2012-12-07 18:03:20','192.168.80.172',5,'C8680_QM_elwin.gao_2012-12-07_18-03-20.log','2012-12-07 19:52:04',11,NULL,NULL,NULL,'2012-12-07 17:27:28','build','a3b2e311dda19ced1f3097e47457a886'),(188,'C8680_VN','elwin.gao','2012-12-07 18:05:58','192.168.80.172',5,'C8680_VN_elwin.gao_2012-12-07_18-05-58.log','2012-12-07 19:52:43',12,NULL,NULL,NULL,'2012-12-07 17:30:02','build','27e2e64df636ff1c341f1546802cbaea'),(189,'C8680_Haier','elwin.gao','2012-12-10 09:41:46','192.168.80.172',8,'C8680_Haier_elwin.gao_2012-12-10_09-41-46.log','2012-12-10 09:08:54',9,'elwin.gao','192.168.80.172','2012-12-10 09:45:03','2012-12-10 09:05:38','build','0f0480a48ebc3069d1d5da9aac99c3be'),(190,'C8680_Haier','elwin.gao','2012-12-10 09:45:26','192.168.80.172',8,'C8680_Haier_elwin.gao_2012-12-10_09-45-26.log','2012-12-10 09:14:36',9,'elwin.gao','192.168.80.172','2012-12-10 09:50:44','2012-12-10 09:09:24','build','54cae23284aa176f94ecd0b5b813be76'),(191,'A8660','roger.liu','2012-12-10 11:07:39','192.168.80.194',8,'A8660_roger.liu_2012-12-10_11-07-39.log','2012-12-10 10:15:49',1,'roger.liu','192.168.80.194','2012-12-10 11:07:58','2012-12-10 10:15:40','build','80a8842b84cb3b147c6678d2c1d09ee5'),(192,'C8680_GP','roger.liu','2012-12-10 11:07:52','192.168.80.194',5,'C8680_GP_roger.liu_2012-12-10_11-07-52.log','2012-12-10 10:15:43',15,NULL,NULL,NULL,'2012-12-10 10:15:43','build','48d4c8bfa01a20cfd68ce98276fb042e'),(193,'A8660','roger.liu','2012-12-10 11:08:04','192.168.80.194',8,'A8660_roger.liu_2012-12-10_11-08-04.log','2012-12-10 10:16:02',1,'roger.liu','192.168.80.194','2012-12-10 11:08:11','2012-12-10 10:15:56','build','d601ee413225228fbf0b3777969a1da0'),(194,'A8660','roger.liu','2012-12-10 11:13:46','192.168.80.194',5,'A8660_roger.liu_2012-12-10_11-13-46.log','2012-12-10 10:22:02',1,NULL,NULL,NULL,'2012-12-10 10:21:49','build','79e89324718783851b71fa2655e9efbb'),(195,'A8660','roger.liu','2012-12-10 11:16:03','192.168.80.194',5,'A8660_roger.liu_2012-12-10_11-16-03.log','2012-12-10 10:24:04',1,NULL,NULL,NULL,'2012-12-10 10:23:54','build','ecabdac93794dafade0cfc8db6e83d57'),(196,'C8680_QM','elwin.gao','2012-12-12 15:18:34','192.168.80.172',6,'C8680_QM_elwin.gao_2012-12-12_15-18-34.log','2012-12-12 15:28:25',11,NULL,NULL,NULL,'2012-12-12 14:42:17','build','9522cd9d58d12ebc9cc4cd44d2606b65'),(197,'C8680_QM','elwin.gao','2012-12-12 16:06:31','192.168.80.172',8,'C8680_QM_elwin.gao_2012-12-12_16-06-31.log','2012-12-12 16:22:56',11,'elwin.gao','192.168.80.172','2012-12-12 16:59:16','2012-12-12 15:30:11','build','6e84154c35ad3113781633079321f624'),(198,'A8666','elwin.gao','2012-12-13 14:32:47','192.168.80.172',8,'A8666_elwin.gao_2012-12-13_14-32-47.log','2012-12-13 13:57:47',14,'elwin.gao','192.168.80.172','2012-12-13 14:34:11','2012-12-13 13:56:27','build','9ab842404f85232605b513100488fb0d'),(199,'A8666','elwin.gao','2012-12-13 14:34:41','192.168.80.172',6,'A8666_elwin.gao_2012-12-13_14-34-41.log','2012-12-13 14:02:39',14,NULL,NULL,NULL,'2012-12-13 13:58:18','build','b55d392f44d53b2d2e970c719971377a'),(200,'A8666','elwin.gao','2012-12-13 14:42:23','192.168.80.172',6,'A8666_elwin.gao_2012-12-13_14-42-23.log','2012-12-13 14:24:48',14,NULL,NULL,NULL,'2012-12-13 14:05:59','build','77f980faef4ff7c87b3e4bc831426d1e'),(201,'C8680_JB','elwin.gao','2012-12-18 14:34:27','192.168.80.172',5,'C8680_JB_elwin.gao_2012-12-18_14-34-27.log','2012-12-18 13:57:46',16,NULL,NULL,NULL,'2012-12-18 13:57:45','build','9777bfde81b8b012a6dd0065cbe582de'),(202,'C8680_JB','elwin.gao','2012-12-18 14:36:04','192.168.80.172',5,'C8680_JB_elwin.gao_2012-12-18_14-36-04.log','2012-12-18 13:59:18',16,NULL,NULL,NULL,'2012-12-18 13:59:17','build','0be8e332ce391036397f91a1e9e0cce7'),(203,'C8680_JB','elwin.gao','2012-12-18 15:21:01','192.168.80.172',6,'C8680_JB_elwin.gao_2012-12-18_15-21-01.log','2012-12-18 15:00:00',16,NULL,NULL,NULL,'2012-12-18 14:44:14','build','9e087d3b4954ab8918440bcb1bfed2c8'),(204,'C8680_JB','elwin.gao','2012-12-18 15:47:40','192.168.80.172',6,'C8680_JB_elwin.gao_2012-12-18_15-47-40.log','2012-12-18 15:22:46',16,NULL,NULL,NULL,'2012-12-18 15:10:53','build','ff4717204cd4b96a50bcb02963dcf6ee'),(205,'C8680_JB','elwin.gao','2012-12-18 16:41:42','192.168.80.172',6,'C8680_JB_elwin.gao_2012-12-18_16-41-42.log','2012-12-18 16:57:43',16,NULL,NULL,NULL,'2012-12-18 16:04:55','build','10651d4201c5a365c4f5a3905f6dd05f'),(206,'C8680_JB','elwin.gao','2012-12-18 17:40:54','192.168.80.172',6,'C8680_JB_elwin.gao_2012-12-18_17-40-54.log','2012-12-18 17:04:35',16,NULL,NULL,NULL,'2012-12-18 17:04:06','build','7a50e7b2132d5cc4dba374dd25c099b8'),(207,'C8680_JB','elwin.gao','2012-12-18 17:42:57','192.168.80.172',6,'C8680_JB_elwin.gao_2012-12-18_17-42-57.log','2012-12-18 17:16:14',16,NULL,NULL,NULL,'2012-12-18 17:06:09','build','b2583034581dcc6d50fb18d2a97a263e'),(208,'C8669','elwin.gao','2012-12-18 19:28:13','192.168.80.172',8,'C8669_elwin.gao_2012-12-18_19-28-13.log','2012-12-18 18:51:56',13,'elwin.gao','192.168.80.172','2012-12-18 19:28:44','2012-12-18 18:51:25','build','12627939ae535fcfb23ff5d16906a82c'),(209,'C8669','elwin.gao','2012-12-18 19:28:20','192.168.80.172',0,'C8669_elwin.gao_2012-12-18_19-28-20.log','0000-00-00 00:00:00',13,'elwin.gao','192.168.80.172','2012-12-18 19:28:36','0000-00-00 00:00:00','build','c01237b3d4fb8cffefb69cc69d14be46'),(210,'C8669','elwin.gao','2012-12-18 19:28:57','192.168.80.172',6,'C8669_elwin.gao_2012-12-18_19-28-57.log','2012-12-18 19:59:08',13,NULL,NULL,NULL,'2012-12-18 18:52:14','build','ccb17141401de0e6ce6fa10ef42269c1'),(211,'C8680_VN','elwin.gao','2012-12-18 19:43:41','192.168.80.172',6,'C8680_VN_elwin.gao_2012-12-18_19-43-41.log','2012-12-18 20:17:48',12,NULL,NULL,NULL,'2012-12-18 19:06:59','build','ffde8d7b08182d222fb12f41c75d9179'),(212,'C8669','elwin.gao','2012-12-19 09:37:15','192.168.80.172',6,'C8669_elwin.gao_2012-12-19_09-37-15.log','2012-12-19 09:03:12',13,NULL,NULL,NULL,'2012-12-19 09:00:24','build','08db88e5b9c1e87b8fa994aeeb5a4224'),(213,'C8680_VN','elwin.gao','2012-12-19 09:39:58','192.168.80.172',5,'C8680_VN_elwin.gao_2012-12-19_09-39-58.log','2012-12-19 09:09:15',12,NULL,NULL,NULL,'2012-12-19 09:03:07','build','0491782006f8e6d35d7e7e13c2b11f05'),(214,'C8669','elwin.gao','2012-12-19 09:45:26','192.168.80.172',6,'C8669_elwin.gao_2012-12-19_09-45-26.log','2012-12-19 09:11:13',13,NULL,NULL,NULL,'2012-12-19 09:08:35','build','e1fa596b29fecdb996505c19787487b1'),(215,'C8669','elwin.gao','2012-12-19 11:26:20','192.168.80.172',6,'C8669_elwin.gao_2012-12-19_11-26-20.log','2012-12-19 11:26:13',13,NULL,NULL,NULL,'2012-12-19 10:49:29','build','17aa44621eb51de1e8f10fc38438c6b4'),(216,'C8669','elwin.gao','2012-12-19 13:59:02','192.168.80.172',5,'C8669_elwin.gao_2012-12-19_13-59-02.log','2012-12-19 14:17:14',13,NULL,NULL,NULL,'2012-12-19 13:22:10','build','8eed558dc43ba4d327d8d4aa5efb1cec'),(217,'C8669','elwin.gao','2012-12-19 15:04:15','192.168.80.172',5,'C8669_elwin.gao_2012-12-19_15-04-15.log','2012-12-19 14:39:34',13,NULL,NULL,NULL,'2012-12-19 14:27:23','build','199f4a3557b925def28d35e5450d527f'),(218,'C8669','elwin.gao','2012-12-19 16:23:09','192.168.80.172',5,'C8669_elwin.gao_2012-12-19_16-23-09.log','2012-12-19 16:22:29',13,NULL,NULL,NULL,'2012-12-19 15:46:17','build','917e0cb030ebf5805857eaf577842c2f'),(219,'C8680_JB','elwin.gao','2012-12-20 10:19:40','192.168.80.172',5,'C8680_JB_elwin.gao_2012-12-20_10-19-40.log','2012-12-20 11:31:53',16,NULL,NULL,NULL,'2012-12-20 09:42:44','build','9566430f50f0b1cd0aa53d40faca3e28'),(220,'C8680_JB','elwin.gao','2012-12-20 15:32:00','192.168.80.172',8,'C8680_JB_elwin.gao_2012-12-20_15-32-00.log','2012-12-20 15:06:28',16,'elwin.gao','192.168.80.172','2012-12-20 15:43:25','2012-12-20 14:55:04','build','9ec1cb83039c422193b9c7e6092d4165'),(221,'C8680_JB','elwin.gao','2012-12-20 15:43:52','192.168.80.172',8,'C8680_JB_elwin.gao_2012-12-20_15-43-52.log','2012-12-20 15:07:58',16,'elwin.gao','192.168.80.172','2012-12-20 15:44:55','2012-12-20 15:06:56','build','e90de26c237868800d8833f69ffb3787'),(222,'C8669','elwin.gao','2012-12-28 11:22:10','192.168.80.172',5,'C8669_elwin.gao_2012-12-28_11-22-10.log','2012-12-28 10:54:02',13,NULL,NULL,NULL,'2012-12-28 10:44:41','build','10f3cd5400544a4e61a065e022d729d7'),(223,'C8669','elwin.gao','2012-12-29 10:45:35','192.168.80.172',0,'C8669_elwin.gao_2012-12-29_10-45-35.log','0000-00-00 00:00:00',13,'roger.liu','192.168.80.194','2013-01-08 10:34:08','0000-00-00 00:00:00','build','358be2e7cfd8eff5ca212814aa0cac78'),(224,'C8680_JB','elwin.gao','2012-12-31 17:48:04','192.168.80.172',0,'C8680_JB_elwin.gao_2012-12-31_17-48-04.log','0000-00-00 00:00:00',16,'roger.liu','192.168.80.194','2013-01-08 10:34:10','0000-00-00 00:00:00','build','9c29434eae36e69e1d3f186bf957a856'),(225,'C8690_BLU','ashley.yang','2013-01-08 15:06:11','192.168.80.11',5,'C8690_BLU_ashley.yang_2013-01-08_15-06-11.log','2013-01-08 15:19:28',18,NULL,NULL,NULL,'2013-01-08 15:19:28','build','ae16a5c791514b5547a88f4f5557f39c'),(226,'C8690_BLU','ashley.yang','2013-01-08 15:08:07','192.168.80.11',5,'C8690_BLU_ashley.yang_2013-01-08_15-08-07.log','2013-01-08 15:19:28',18,NULL,NULL,NULL,'2013-01-08 15:19:28','build','a045c6f7c0d789e735157ac06c02c964'),(227,'C8690_BLU','ashley.yang','2013-01-08 15:13:09','192.168.80.11',5,'C8690_BLU_ashley.yang_2013-01-08_15-13-09.log','2013-01-08 15:21:09',18,NULL,NULL,NULL,'2013-01-08 15:20:59','build','ed8d56ab14e257e20faa36fdc4e4f20f'),(228,'C8690_BLU','ashley.yang','2013-01-08 15:16:12','192.168.80.11',5,'C8690_BLU_ashley.yang_2013-01-08_15-16-12.log','2013-01-08 16:30:30',18,NULL,NULL,NULL,'2013-01-08 15:24:02','build','af69191c350c21ff07f00c2a64bc844c'),(229,'C8690_VB','ashley.yang','2013-01-09 14:08:01','192.168.80.11',5,'C8690_VB_ashley.yang_2013-01-09_14-08-01.log','2013-01-09 15:39:21',20,NULL,NULL,NULL,'2013-01-09 14:15:26','build','3aac9c2cda4160137f7f1fd6f7380db3'),(230,'C8680_Acard','elwin.gao','2013-01-16 18:00:42','192.168.80.172',0,'C8680_Acard_elwin.gao_2013-01-16_18-00-42.log','0000-00-00 00:00:00',25,'elwin.gao','192.168.80.172','2013-01-16 18:02:52','0000-00-00 00:00:00','build','1b6854c30d01528ddf9de8f9b193c6da'),(231,'C8680_EKT','elwin.gao','2013-01-16 18:03:22','192.168.80.172',6,'C8680_EKT_elwin.gao_2013-01-16_18-03-22.log','2013-01-16 19:43:02',24,NULL,NULL,NULL,'2013-01-16 18:08:59','build','b8903d7af66f79513af1dff30905fcc4'),(232,'C8680_houston','elwin.gao','2013-01-16 18:09:22','192.168.80.172',8,'C8680_houston_elwin.gao_2013-01-16_18-09-22.log','2013-01-16 18:09:51',22,'elwin.gao','192.168.80.172','2013-01-16 18:09:50','2013-01-16 18:09:24','build','129f72b497842c8fa3645e207cdf5064'),(233,'C8680_houston','elwin.gao','2013-01-16 18:09:44','192.168.80.172',6,'C8680_houston_elwin.gao_2013-01-16_18-09-44.log','2013-01-16 18:31:38',22,NULL,NULL,NULL,'2013-01-16 18:09:53','build','ba1aca8aac41ed878eabad80ad92f0b6'),(234,'C8680_EKT','elwin.gao','2013-01-16 18:10:25','192.168.80.172',6,'C8680_EKT_elwin.gao_2013-01-16_18-10-25.log','2013-01-16 20:35:31',24,NULL,NULL,NULL,'2013-01-16 19:43:02','build','d45e04c71e34efd2f8df4b4cf70663fd'),(235,'C8680_Acard','elwin.gao','2013-01-16 18:10:35','192.168.80.172',6,'C8680_Acard_elwin.gao_2013-01-16_18-10-35.log','2013-01-16 19:42:50',25,NULL,NULL,NULL,'2013-01-16 18:10:37','build','6c7b32c147a4eb604a962077785892ed'),(236,'C8680_KB','elwin.gao','2013-01-17 18:55:39','192.168.80.172',8,'C8680_KB_elwin.gao_2013-01-17_18-55-39.log','2013-01-17 20:08:52',23,'elwin.gao','192.168.80.172','2013-01-17 20:08:56','2013-01-17 18:55:36','build','e9ed6d5cb9f0f7dd272cb3207c4b1f49'),(237,'C8680_houston','elwin.gao','2013-01-17 18:58:51','192.168.80.172',8,'C8680_houston_elwin.gao_2013-01-17_18-58-51.log','2013-01-17 20:09:09',22,'elwin.gao','192.168.80.172','2013-01-17 20:09:13','2013-01-17 18:58:47','build','fbbd89977f9b275dc835fc7cd43737de'),(238,'C8680_KB','elwin.gao','2013-01-17 18:59:30','192.168.80.172',0,'C8680_KB_elwin.gao_2013-01-17_18-59-30.log','0000-00-00 00:00:00',23,'elwin.gao','192.168.80.172','2013-01-17 18:59:42','0000-00-00 00:00:00','build','1c519f17d375621bd8286f45973d2576'),(239,'C8680_EKT','elwin.gao','2013-01-17 18:59:35','192.168.80.172',8,'C8680_EKT_elwin.gao_2013-01-17_18-59-35.log','2013-01-17 20:08:54',24,'elwin.gao','192.168.80.172','2013-01-17 20:08:58','2013-01-17 18:59:31','build','70846d8df7b1f12ead48a34d0bd23c94'),(240,'C8680_Acard','elwin.gao','2013-01-17 19:00:21','192.168.80.172',8,'C8680_Acard_elwin.gao_2013-01-17_19-00-21.log','2013-01-17 20:08:59',25,'elwin.gao','192.168.80.172','2013-01-17 20:09:03','2013-01-17 19:00:18','build','eb916793dfb005c6f563fc18f8bdb3cd'),(241,'C8681','elwin.gao','2013-01-30 17:58:36','192.168.80.172',8,'C8681_elwin.gao_2013-01-30_17-58-36.log','2013-01-31 09:36:46',2,'elwin.gao','192.168.80.172','2013-01-31 09:41:59','2013-01-30 17:53:43','build','d7844fea85c57737bde9d298f474beae'),(242,'C8681_singal','elwin.gao','2013-01-30 17:58:58','192.168.80.172',8,'C8681_singal_elwin.gao_2013-01-30_17-58-58.log','2013-01-31 09:36:49',26,'elwin.gao','192.168.80.172','2013-01-31 09:42:01','2013-01-30 17:54:05','build','5b79ad7a528e8fa690b0b0963c305adb'),(243,'C8680_VN','elwin.gao','2013-01-30 17:59:27','192.168.80.172',8,'C8680_VN_elwin.gao_2013-01-30_17-59-27.log','2013-01-31 09:36:42',12,'elwin.gao','192.168.80.172','2013-01-31 09:41:55','2013-01-30 17:54:34','build','7f13e011eda589308bb6f025e9f7e75f'),(244,'C8680_Acard','elwin.gao','2013-01-30 18:04:53','192.168.80.172',8,'C8680_Acard_elwin.gao_2013-01-30_18-04-53.log','2013-01-31 09:36:42',25,'elwin.gao','192.168.80.172','2013-01-31 09:41:54','2013-01-30 17:59:59','build','c8ceaacf089990338c2d21cfc6d88d29'),(245,'C8681','elwin.gao','2013-01-31 10:14:53','192.168.80.172',8,'C8681_elwin.gao_2013-01-31_10-14-53.log','2013-01-31 10:11:25',2,'elwin.gao','192.168.80.172','2013-01-31 10:16:40','2013-01-31 10:09:38','build','ecbdb6c624fdd383b861aae5a1c7f363'),(246,'C8681','elwin.gao','2013-01-31 10:18:09','192.168.80.172',5,'C8681_elwin.gao_2013-01-31_10-18-09.log','2013-01-31 12:15:59',2,NULL,NULL,NULL,'2013-01-31 10:12:58','build','05a1f3b1e6f2ed68d8f9c0e5b8ef41f0'),(247,'C8681','elwin.gao','2013-01-31 10:18:14','192.168.80.172',0,'C8681_elwin.gao_2013-01-31_10-18-14.log','0000-00-00 00:00:00',2,'elwin.gao','192.168.80.172','2013-01-31 10:18:25','0000-00-00 00:00:00','build','e24ebfb414ee2af2daeabbcebd2c8600'),(248,'C8680_JB','elwin.gao','2013-01-31 10:56:10','192.168.80.172',5,'C8680_JB_elwin.gao_2013-01-31_10-56-10.log','2013-01-31 12:41:37',16,NULL,NULL,NULL,'2013-01-31 10:50:55','build','c682d930e0f683c6071db476f5710b50');
/*!40000 ALTER TABLE `tasks` ENABLE KEYS */;
UNLOCK TABLES;
/*!40103 SET TIME_ZONE=@OLD_TIME_ZONE */;

/*!40101 SET SQL_MODE=@OLD_SQL_MODE */;
/*!40014 SET FOREIGN_KEY_CHECKS=@OLD_FOREIGN_KEY_CHECKS */;
/*!40014 SET UNIQUE_CHECKS=@OLD_UNIQUE_CHECKS */;
/*!40101 SET CHARACTER_SET_CLIENT=@OLD_CHARACTER_SET_CLIENT */;
/*!40101 SET CHARACTER_SET_RESULTS=@OLD_CHARACTER_SET_RESULTS */;
/*!40101 SET COLLATION_CONNECTION=@OLD_COLLATION_CONNECTION */;
/*!40111 SET SQL_NOTES=@OLD_SQL_NOTES */;

-- Dump completed on 2013-06-27 10:07:25
